"epoch","yv5s-coco-zipf-mixup0.3 - _step","yv5s-coco-zipf-mixup0.3 - _step__MIN","yv5s-coco-zipf-mixup0.3 - _step__MAX","yv5s-coco-zipf-mixup0.3 - map","yv5s-coco-zipf-mixup0.3 - map__MIN","yv5s-coco-zipf-mixup0.3 - map__MAX","yv5s-coco-zipf-no-mosaic - _step","yv5s-coco-zipf-no-mosaic - _step__MIN","yv5s-coco-zipf-no-mosaic - _step__MAX","yv5s-coco-zipf-no-mosaic - map","yv5s-coco-zipf-no-mosaic - map__MIN","yv5s-coco-zipf-no-mosaic - map__MAX","yv5s-coco-zipf - _step","yv5s-coco-zipf - _step__MIN","yv5s-coco-zipf - _step__MAX","yv5s-coco-zipf - map","yv5s-coco-zipf - map__MIN","yv5s-coco-zipf - map__MAX"
"0","11","11","11","0.0009264403745664633","0.0009264403745664633","0.0009264403745664633","11","11","11","0.001095399532392185","0.001095399532392185","0.001095399532392185","11","11","11","0.00043610292856981046","0.00043610292856981046","0.00043610292856981046"
"1","23","23","23","0.001035248935780414","0.001035248935780414","0.001035248935780414","23","23","23","0.0016317962330840955","0.0016317962330840955","0.0016317962330840955","23","23","23","0.0018239711127750293","0.0018239711127750293","0.0018239711127750293"
"2","35","35","35","0.007866701043181662","0.007866701043181662","0.007866701043181662","35","35","35","0.0031233338646187406","0.0031233338646187406","0.0031233338646187406","35","35","35","0.015783226073325603","0.015783226073325603","0.015783226073325603"
"3","47","47","47","0.016759048317367468","0.016759048317367468","0.016759048317367468","47","47","47","0.024164665920142308","0.024164665920142308","0.024164665920142308","47","47","47","0.02575542031511471","0.02575542031511471","0.02575542031511471"
"4","59","59","59","0.02085315887330959","0.02085315887330959","0.02085315887330959","59","59","59","0.042216081677817305","0.042216081677817305","0.042216081677817305","59","59","59","0.029409799987770293","0.029409799987770293","0.029409799987770293"
"5","71","71","71","0.05273880417406152","0.05273880417406152","0.05273880417406152","71","71","71","0.049583196913463995","0.049583196913463995","0.049583196913463995","71","71","71","0.06319655643846868","0.06319655643846868","0.06319655643846868"
"6","83","83","83","0.061362160122382554","0.061362160122382554","0.061362160122382554","83","83","83","0.06019408702837616","0.06019408702837616","0.06019408702837616","83","83","83","0.07089517471685132","0.07089517471685132","0.07089517471685132"
"7","95","95","95","0.08582854437410449","0.08582854437410449","0.08582854437410449","95","95","95","0.059577852102096866","0.059577852102096866","0.059577852102096866","95","95","95","0.08873934884894064","0.08873934884894064","0.08873934884894064"
"8","107","107","107","0.08719649407984563","0.08719649407984563","0.08719649407984563","107","107","107","0.0795260659060031","0.0795260659060031","0.0795260659060031","107","107","107","0.08298065828156341","0.08298065828156341","0.08298065828156341"
"9","120","120","120","0.10274148773786523","0.10274148773786523","0.10274148773786523","120","120","120","0.07326833414127326","0.07326833414127326","0.07326833414127326","120","120","120","0.10683253686607212","0.10683253686607212","0.10683253686607212"
"10","132","132","132","0.10755063370535828","0.10755063370535828","0.10755063370535828","132","132","132","0.08239399211438557","0.08239399211438557","0.08239399211438557","132","132","132","0.1204842996448922","0.1204842996448922","0.1204842996448922"
"11","144","144","144","0.11364755107813354","0.11364755107813354","0.11364755107813354","144","144","144","0.09455602047555518","0.09455602047555518","0.09455602047555518","144","144","144","0.13241507584412507","0.13241507584412507","0.13241507584412507"
"12","156","156","156","0.11656617581957021","0.11656617581957021","0.11656617581957021","156","156","156","0.11105080093260976","0.11105080093260976","0.11105080093260976","156","156","156","0.13666377030322482","0.13666377030322482","0.13666377030322482"
"13","168","168","168","0.1396884956214105","0.1396884956214105","0.1396884956214105","168","168","168","0.10941483298433582","0.10941483298433582","0.10941483298433582","168","168","168","0.13008036305371434","0.13008036305371434","0.13008036305371434"
"14","180","180","180","0.13650400318894484","0.13650400318894484","0.13650400318894484","180","180","180","0.11214421345154767","0.11214421345154767","0.11214421345154767","180","180","180","0.13144993364843832","0.13144993364843832","0.13144993364843832"
"15","192","192","192","0.13362337317874298","0.13362337317874298","0.13362337317874298","192","192","192","0.1164930867680833","0.1164930867680833","0.1164930867680833","192","192","192","0.14084643513602368","0.14084643513602368","0.14084643513602368"
"16","204","204","204","0.14747101626587403","0.14747101626587403","0.14747101626587403","204","204","204","0.11063352690160069","0.11063352690160069","0.11063352690160069","204","204","204","0.1508383308871487","0.1508383308871487","0.1508383308871487"
"17","216","216","216","0.16320203270571293","0.16320203270571293","0.16320203270571293","216","216","216","0.11473646666194164","0.11473646666194164","0.11473646666194164","216","216","216","0.15227538590827422","0.15227538590827422","0.15227538590827422"
"18","228","228","228","0.15078117440407435","0.15078117440407435","0.15078117440407435","228","228","228","0.1272193453474315","0.1272193453474315","0.1272193453474315","228","228","228","0.14580788954994645","0.14580788954994645","0.14580788954994645"
"19","241","241","241","0.15600115840281814","0.15600115840281814","0.15600115840281814","241","241","241","0.1115192823440999","0.1115192823440999","0.1115192823440999","241","241","241","0.17352090004918702","0.17352090004918702","0.17352090004918702"
"20","253","253","253","0.16410303335136592","0.16410303335136592","0.16410303335136592","253","253","253","0.12547799062884957","0.12547799062884957","0.12547799062884957","253","253","253","0.16673111551532913","0.16673111551532913","0.16673111551532913"
"21","265","265","265","0.17192039558519803","0.17192039558519803","0.17192039558519803","265","265","265","0.13683564885914673","0.13683564885914673","0.13683564885914673","265","265","265","0.1673112996538246","0.1673112996538246","0.1673112996538246"
"22","277","277","277","0.17340015635045739","0.17340015635045739","0.17340015635045739","277","277","277","0.1250304435369978","0.1250304435369978","0.1250304435369978","277","277","277","0.1773498595621083","0.1773498595621083","0.1773498595621083"
"23","289","289","289","0.1759927454268359","0.1759927454268359","0.1759927454268359","289","289","289","0.13506501312006308","0.13506501312006308","0.13506501312006308","289","289","289","0.1864430356572996","0.1864430356572996","0.1864430356572996"
"24","301","301","301","0.1892322339932623","0.1892322339932623","0.1892322339932623","301","301","301","0.142289411095484","0.142289411095484","0.142289411095484","301","301","301","0.1933598129471625","0.1933598129471625","0.1933598129471625"
"25","313","313","313","0.1671479340224694","0.1671479340224694","0.1671479340224694","313","313","313","0.151816151589458","0.151816151589458","0.151816151589458","313","313","313","0.19946727955683227","0.19946727955683227","0.19946727955683227"
"26","325","325","325","0.17349588474088493","0.17349588474088493","0.17349588474088493","325","325","325","0.13963370893255928","0.13963370893255928","0.13963370893255928","325","325","325","0.18337249818736454","0.18337249818736454","0.18337249818736454"
"27","337","337","337","0.18238045820254323","0.18238045820254323","0.18238045820254323","337","337","337","0.14076585305967798","0.14076585305967798","0.14076585305967798","337","337","337","0.1877473784762115","0.1877473784762115","0.1877473784762115"
"28","349","349","349","0.19641295937920875","0.19641295937920875","0.19641295937920875","349","349","349","0.15862911780785444","0.15862911780785444","0.15862911780785444","349","349","349","0.19722322273953174","0.19722322273953174","0.19722322273953174"
"29","362","362","362","0.1943687407940585","0.1943687407940585","0.1943687407940585","362","362","362","0.16090266705535505","0.16090266705535505","0.16090266705535505","362","362","362","0.19902596707030976","0.19902596707030976","0.19902596707030976"
"30","374","374","374","0.2010088535156912","0.2010088535156912","0.2010088535156912","374","374","374","0.16106936919035628","0.16106936919035628","0.16106936919035628","374","374","374","0.19292625951250858","0.19292625951250858","0.19292625951250858"
"31","386","386","386","0.19825713813999532","0.19825713813999532","0.19825713813999532","386","386","386","0.17087106783478714","0.17087106783478714","0.17087106783478714","386","386","386","0.20866484271551522","0.20866484271551522","0.20866484271551522"
"32","398","398","398","0.20345498004414367","0.20345498004414367","0.20345498004414367","398","398","398","0.16435356548735797","0.16435356548735797","0.16435356548735797","398","398","398","0.2028007028084607","0.2028007028084607","0.2028007028084607"
"33","410","410","410","0.20710100742674886","0.20710100742674886","0.20710100742674886","410","410","410","0.17622786953415484","0.17622786953415484","0.17622786953415484","410","410","410","0.20881295590244237","0.20881295590244237","0.20881295590244237"
"34","422","422","422","0.21225084226830784","0.21225084226830784","0.21225084226830784","422","422","422","0.14795379296281996","0.14795379296281996","0.14795379296281996","422","422","422","0.21261248700806265","0.21261248700806265","0.21261248700806265"
"35","434","434","434","0.21633873994031907","0.21633873994031907","0.21633873994031907","434","434","434","0.1640126435807371","0.1640126435807371","0.1640126435807371","434","434","434","0.2128245952431954","0.2128245952431954","0.2128245952431954"
"36","446","446","446","0.198480482063774","0.198480482063774","0.198480482063774","446","446","446","0.17292306240149888","0.17292306240149888","0.17292306240149888","446","446","446","0.22144977659460155","0.22144977659460155","0.22144977659460155"
"37","458","458","458","0.2109349112327825","0.2109349112327825","0.2109349112327825","458","458","458","0.16981914550254815","0.16981914550254815","0.16981914550254815","458","458","458","0.22960299667217773","0.22960299667217773","0.22960299667217773"
"38","470","470","470","0.21757931289737134","0.21757931289737134","0.21757931289737134","470","470","470","0.17430773764554996","0.17430773764554996","0.17430773764554996","470","470","470","0.20643561059211626","0.20643561059211626","0.20643561059211626"
"39","483","483","483","0.20582136057704742","0.20582136057704742","0.20582136057704742","483","483","483","0.17292969248288045","0.17292969248288045","0.17292969248288045","483","483","483","0.21380370008011892","0.21380370008011892","0.21380370008011892"
"40","495","495","495","0.21393947772752203","0.21393947772752203","0.21393947772752203","495","495","495","0.17946475887207256","0.17946475887207256","0.17946475887207256","495","495","495","0.20553182363584277","0.20553182363584277","0.20553182363584277"
"41","507","507","507","0.2191487538596521","0.2191487538596521","0.2191487538596521","507","507","507","0.17998587924188467","0.17998587924188467","0.17998587924188467","507","507","507","0.22153333916424625","0.22153333916424625","0.22153333916424625"
"42","519","519","519","0.21778287523207818","0.21778287523207818","0.21778287523207818","519","519","519","0.17095938915171657","0.17095938915171657","0.17095938915171657","519","519","519","0.22423894079608012","0.22423894079608012","0.22423894079608012"
"43","531","531","531","0.22896376140158137","0.22896376140158137","0.22896376140158137","531","531","531","0.17862420068141616","0.17862420068141616","0.17862420068141616","531","531","531","0.23107117073175412","0.23107117073175412","0.23107117073175412"
"44","543","543","543","0.21258647558098379","0.21258647558098379","0.21258647558098379","543","543","543","0.16988852158069304","0.16988852158069304","0.16988852158069304","543","543","543","0.2354581373235796","0.2354581373235796","0.2354581373235796"
"45","555","555","555","0.22233940878447372","0.22233940878447372","0.22233940878447372","555","555","555","0.16333285578921783","0.16333285578921783","0.16333285578921783","555","555","555","0.23359576216023178","0.23359576216023178","0.23359576216023178"
"46","567","567","567","0.23407651688625916","0.23407651688625916","0.23407651688625916","567","567","567","0.1892007240174592","0.1892007240174592","0.1892007240174592","567","567","567","0.22798667786674445","0.22798667786674445","0.22798667786674445"
"47","579","579","579","0.2236327756154777","0.2236327756154777","0.2236327756154777","579","579","579","0.17678344380958694","0.17678344380958694","0.17678344380958694","579","579","579","0.2368990627319534","0.2368990627319534","0.2368990627319534"
"48","591","591","591","0.22756717997842862","0.22756717997842862","0.22756717997842862","591","591","591","0.19645202915406218","0.19645202915406218","0.19645202915406218","591","591","591","0.2077873540653699","0.2077873540653699","0.2077873540653699"
"49","604","604","604","0.2273593847201524","0.2273593847201524","0.2273593847201524","604","604","604","0.19562525157257954","0.19562525157257954","0.19562525157257954","604","604","604","0.24028785829646224","0.24028785829646224","0.24028785829646224"
"50","616","616","616","0.23663788405344915","0.23663788405344915","0.23663788405344915","616","616","616","0.1824885353487663","0.1824885353487663","0.1824885353487663","616","616","616","0.21849965485609768","0.21849965485609768","0.21849965485609768"
"51","628","628","628","0.2261843130370535","0.2261843130370535","0.2261843130370535","628","628","628","0.18970136352709535","0.18970136352709535","0.18970136352709535","628","628","628","0.24764415381598043","0.24764415381598043","0.24764415381598043"
"52","640","640","640","0.23285269728787433","0.23285269728787433","0.23285269728787433","640","640","640","0.19209495099148757","0.19209495099148757","0.19209495099148757","640","640","640","0.24202023138246923","0.24202023138246923","0.24202023138246923"
"53","652","652","652","0.23521194795475414","0.23521194795475414","0.23521194795475414","652","652","652","0.19187154692371228","0.19187154692371228","0.19187154692371228","652","652","652","0.2259059805694681","0.2259059805694681","0.2259059805694681"
"54","664","664","664","0.2425711358747306","0.2425711358747306","0.2425711358747306","664","664","664","0.1863811402510203","0.1863811402510203","0.1863811402510203","664","664","664","0.24259969291551098","0.24259969291551098","0.24259969291551098"
"55","676","676","676","0.23278054767183862","0.23278054767183862","0.23278054767183862","676","676","676","0.19972352468972598","0.19972352468972598","0.19972352468972598","676","676","676","0.24144022557122125","0.24144022557122125","0.24144022557122125"
"56","688","688","688","0.2371405815915374","0.2371405815915374","0.2371405815915374","688","688","688","0.17593296346876994","0.17593296346876994","0.17593296346876994","688","688","688","0.23147886900538248","0.23147886900538248","0.23147886900538248"
"57","700","700","700","0.235142635492372","0.235142635492372","0.235142635492372","700","700","700","0.19500375471190026","0.19500375471190026","0.19500375471190026","700","700","700","0.23944991128937168","0.23944991128937168","0.23944991128937168"
"58","712","712","712","0.22514752956719955","0.22514752956719955","0.22514752956719955","712","712","712","0.19066752910653012","0.19066752910653012","0.19066752910653012","712","712","712","0.2459424063190677","0.2459424063190677","0.2459424063190677"
"59","725","725","725","0.24708053586858192","0.24708053586858192","0.24708053586858192","725","725","725","0.19830200717508478","0.19830200717508478","0.19830200717508478","725","725","725","0.2392459818527371","0.2392459818527371","0.2392459818527371"
"60","737","737","737","0.22441359597321006","0.22441359597321006","0.22441359597321006","737","737","737","0.19517660133809644","0.19517660133809644","0.19517660133809644","737","737","737","0.25562642054264895","0.25562642054264895","0.25562642054264895"
"61","749","749","749","0.24392760438686192","0.24392760438686192","0.24392760438686192","749","749","749","0.1789478452857394","0.1789478452857394","0.1789478452857394","749","749","749","0.2463826407400531","0.2463826407400531","0.2463826407400531"
"62","761","761","761","0.2344628366253699","0.2344628366253699","0.2344628366253699","761","761","761","0.2055125522837203","0.2055125522837203","0.2055125522837203","761","761","761","0.24035615016971962","0.24035615016971962","0.24035615016971962"
"63","773","773","773","0.2468611361253899","0.2468611361253899","0.2468611361253899","773","773","773","0.19530528147910917","0.19530528147910917","0.19530528147910917","773","773","773","0.23956253206350558","0.23956253206350558","0.23956253206350558"
"64","785","785","785","0.24821500313720937","0.24821500313720937","0.24821500313720937","785","785","785","0.19500088709233518","0.19500088709233518","0.19500088709233518","785","785","785","0.2410369967012344","0.2410369967012344","0.2410369967012344"
"65","797","797","797","0.2520406425280828","0.2520406425280828","0.2520406425280828","797","797","797","0.2065834205959998","0.2065834205959998","0.2065834205959998","797","797","797","0.2577327967114571","0.2577327967114571","0.2577327967114571"
"66","809","809","809","0.2556621063484622","0.2556621063484622","0.2556621063484622","809","809","809","0.19728389624849293","0.19728389624849293","0.19728389624849293","809","809","809","0.24694275998054946","0.24694275998054946","0.24694275998054946"
"67","821","821","821","0.24733770938110605","0.24733770938110605","0.24733770938110605","821","821","821","0.2178326564007731","0.2178326564007731","0.2178326564007731","821","821","821","0.25484937469318086","0.25484937469318086","0.25484937469318086"
"68","833","833","833","0.25521866917649094","0.25521866917649094","0.25521866917649094","833","833","833","0.19440016719947942","0.19440016719947942","0.19440016719947942","833","833","833","0.25411836591273507","0.25411836591273507","0.25411836591273507"
"69","846","846","846","0.25592962854230494","0.25592962854230494","0.25592962854230494","846","846","846","0.20633913822660013","0.20633913822660013","0.20633913822660013","846","846","846","0.25218812765704907","0.25218812765704907","0.25218812765704907"
"70","858","858","858","0.25599945920816713","0.25599945920816713","0.25599945920816713","858","858","858","0.20115805444834414","0.20115805444834414","0.20115805444834414","858","858","858","0.24740824375840662","0.24740824375840662","0.24740824375840662"
"71","870","870","870","0.2510136521794867","0.2510136521794867","0.2510136521794867","870","870","870","0.20022134657143797","0.20022134657143797","0.20022134657143797","870","870","870","0.25120186132563704","0.25120186132563704","0.25120186132563704"
"72","882","882","882","0.2590646922941143","0.2590646922941143","0.2590646922941143","882","882","882","0.20660176867201158","0.20660176867201158","0.20660176867201158","882","882","882","0.2659797285567448","0.2659797285567448","0.2659797285567448"
"73","894","894","894","0.2568707552760923","0.2568707552760923","0.2568707552760923","894","894","894","0.19950076643929016","0.19950076643929016","0.19950076643929016","894","894","894","0.24497873704886303","0.24497873704886303","0.24497873704886303"
"74","906","906","906","0.27229379762816613","0.27229379762816613","0.27229379762816613","906","906","906","0.20693533708436548","0.20693533708436548","0.20693533708436548","906","906","906","0.2581557522285107","0.2581557522285107","0.2581557522285107"
"75","918","918","918","0.25276314113888054","0.25276314113888054","0.25276314113888054","918","918","918","0.180464976425254","0.180464976425254","0.180464976425254","918","918","918","0.2502939046456834","0.2502939046456834","0.2502939046456834"
"76","930","930","930","0.24822042889424303","0.24822042889424303","0.24822042889424303","930","930","930","0.21364105881261303","0.21364105881261303","0.21364105881261303","930","930","930","0.24392118791357129","0.24392118791357129","0.24392118791357129"
"77","942","942","942","0.27241613974214113","0.27241613974214113","0.27241613974214113","942","942","942","0.20869537545557607","0.20869537545557607","0.20869537545557607","942","942","942","0.2661397469954419","0.2661397469954419","0.2661397469954419"
"78","954","954","954","0.2538613221011037","0.2538613221011037","0.2538613221011037","954","954","954","0.2027685941517399","0.2027685941517399","0.2027685941517399","954","954","954","0.25877881530733204","0.25877881530733204","0.25877881530733204"
"79","967","967","967","0.2608506978385965","0.2608506978385965","0.2608506978385965","967","967","967","0.2116683765154459","0.2116683765154459","0.2116683765154459","967","967","967","0.25955710979292296","0.25955710979292296","0.25955710979292296"
"80","979","979","979","0.264279505591585","0.264279505591585","0.264279505591585","979","979","979","0.20535509008067188","0.20535509008067188","0.20535509008067188","979","979","979","0.2658664820277444","0.2658664820277444","0.2658664820277444"
"81","991","991","991","0.251859831803986","0.251859831803986","0.251859831803986","991","991","991","0.1888558979592781","0.1888558979592781","0.1888558979592781","991","991","991","0.2645328118822728","0.2645328118822728","0.2645328118822728"
"82","1003","1003","1003","0.26147391582457336","0.26147391582457336","0.26147391582457336","1003","1003","1003","0.20801613551420273","0.20801613551420273","0.20801613551420273","1003","1003","1003","0.2514249454971695","0.2514249454971695","0.2514249454971695"
"83","1015","1015","1015","0.25972745344387865","0.25972745344387865","0.25972745344387865","1015","1015","1015","0.19956371471674816","0.19956371471674816","0.19956371471674816","1015","1015","1015","0.2641261616532047","0.2641261616532047","0.2641261616532047"
"84","1027","1027","1027","0.26126295947806605","0.26126295947806605","0.26126295947806605","1027","1027","1027","0.20427708004803266","0.20427708004803266","0.20427708004803266","1027","1027","1027","0.2654760325444905","0.2654760325444905","0.2654760325444905"
"85","1039","1039","1039","0.25878031884648145","0.25878031884648145","0.25878031884648145","1039","1039","1039","0.22088407010679167","0.22088407010679167","0.22088407010679167","1039","1039","1039","0.25039941822526535","0.25039941822526535","0.25039941822526535"
"86","1051","1051","1051","0.27571615177663156","0.27571615177663156","0.27571615177663156","1051","1051","1051","0.20836161881716136","0.20836161881716136","0.20836161881716136","1051","1051","1051","0.2687806268181375","0.2687806268181375","0.2687806268181375"
"87","1063","1063","1063","0.2712336593263025","0.2712336593263025","0.2712336593263025","1063","1063","1063","0.19808296820970606","0.19808296820970606","0.19808296820970606","1063","1063","1063","0.24976637086479683","0.24976637086479683","0.24976637086479683"
"88","1075","1075","1075","0.26592389982218295","0.26592389982218295","0.26592389982218295","1075","1075","1075","0.21126949766308548","0.21126949766308548","0.21126949766308548","1075","1075","1075","0.2753487492679371","0.2753487492679371","0.2753487492679371"
"89","1088","1088","1088","0.273529547627345","0.273529547627345","0.273529547627345","1088","1088","1088","0.20534926867400907","0.20534926867400907","0.20534926867400907","1088","1088","1088","0.2613162369861587","0.2613162369861587","0.2613162369861587"
"90","1100","1100","1100","0.26485154902416175","0.26485154902416175","0.26485154902416175","1100","1100","1100","0.21519112571793736","0.21519112571793736","0.21519112571793736","1100","1100","1100","0.25990505793824964","0.25990505793824964","0.25990505793824964"
"91","1112","1112","1112","0.26311725439056605","0.26311725439056605","0.26311725439056605","1112","1112","1112","0.19656647646234032","0.19656647646234032","0.19656647646234032","1112","1112","1112","0.2744435292239256","0.2744435292239256","0.2744435292239256"
"92","1124","1124","1124","0.27179355947609785","0.27179355947609785","0.27179355947609785","1124","1124","1124","0.2120043836784903","0.2120043836784903","0.2120043836784903","1124","1124","1124","0.24961021267305128","0.24961021267305128","0.24961021267305128"
"93","1136","1136","1136","0.27245981403943914","0.27245981403943914","0.27245981403943914","1136","1136","1136","0.20613915951531903","0.20613915951531903","0.20613915951531903","1136","1136","1136","0.2638066237430078","0.2638066237430078","0.2638066237430078"
"94","1148","1148","1148","0.260847362221972","0.260847362221972","0.260847362221972","1148","1148","1148","0.21222221236986374","0.21222221236986374","0.21222221236986374","1148","1148","1148","0.2600990494825983","0.2600990494825983","0.2600990494825983"
"95","1160","1160","1160","0.2727735504574525","0.2727735504574525","0.2727735504574525","1160","1160","1160","0.21762741784551537","0.21762741784551537","0.21762741784551537","1160","1160","1160","0.24916697063710538","0.24916697063710538","0.24916697063710538"
"96","1172","1172","1172","0.27789013349973524","0.27789013349973524","0.27789013349973524","1172","1172","1172","0.22414734660080504","0.22414734660080504","0.22414734660080504","1172","1172","1172","0.27775454838100505","0.27775454838100505","0.27775454838100505"
"97","1184","1184","1184","0.2821135304725922","0.2821135304725922","0.2821135304725922","1184","1184","1184","0.22287888927831315","0.22287888927831315","0.22287888927831315","1184","1184","1184","0.26647414940454694","0.26647414940454694","0.26647414940454694"
"98","1196","1196","1196","0.2758153072589958","0.2758153072589958","0.2758153072589958","1196","1196","1196","0.21521704721719265","0.21521704721719265","0.21521704721719265","1196","1196","1196","0.2726676519637849","0.2726676519637849","0.2726676519637849"
"99","1209","1209","1209","0.2852497350773004","0.2852497350773004","0.2852497350773004","1209","1209","1209","0.22070050920161186","0.22070050920161186","0.22070050920161186","1209","1209","1209","0.26598245661163533","0.26598245661163533","0.26598245661163533"
"100","1221","1221","1221","0.2859457788802481","0.2859457788802481","0.2859457788802481","1221","1221","1221","0.21311664660161161","0.21311664660161161","0.21311664660161161","1221","1221","1221","0.27456446630770126","0.27456446630770126","0.27456446630770126"
"101","1233","1233","1233","0.27868312281221624","0.27868312281221624","0.27868312281221624","1233","1233","1233","0.2129003005544972","0.2129003005544972","0.2129003005544972","1233","1233","1233","0.2697410901195488","0.2697410901195488","0.2697410901195488"
"102","1245","1245","1245","0.2665543050329155","0.2665543050329155","0.2665543050329155","1245","1245","1245","0.21716389567944858","0.21716389567944858","0.21716389567944858","1245","1245","1245","0.2711367711971883","0.2711367711971883","0.2711367711971883"
"103","1257","1257","1257","0.28128495119088265","0.28128495119088265","0.28128495119088265","1257","1257","1257","0.22439942566950644","0.22439942566950644","0.22439942566950644","1257","1257","1257","0.2635523227288528","0.2635523227288528","0.2635523227288528"
"104","1269","1269","1269","0.28032190766457493","0.28032190766457493","0.28032190766457493","1269","1269","1269","0.20667208925430933","0.20667208925430933","0.20667208925430933","1269","1269","1269","0.2517991377226097","0.2517991377226097","0.2517991377226097"
"105","1281","1281","1281","0.2705629192565399","0.2705629192565399","0.2705629192565399","1281","1281","1281","0.2050113898058962","0.2050113898058962","0.2050113898058962","1281","1281","1281","0.2710695446886183","0.2710695446886183","0.2710695446886183"
"106","1293","1293","1293","0.28293371029841985","0.28293371029841985","0.28293371029841985","1293","1293","1293","0.2088177592404089","0.2088177592404089","0.2088177592404089","1293","1293","1293","0.27191308490764654","0.27191308490764654","0.27191308490764654"
"107","1305","1305","1305","0.2899854436100668","0.2899854436100668","0.2899854436100668","1305","1305","1305","0.2228201500451913","0.2228201500451913","0.2228201500451913","1305","1305","1305","0.2794295482302749","0.2794295482302749","0.2794295482302749"
"108","1317","1317","1317","0.2780888652218516","0.2780888652218516","0.2780888652218516","1317","1317","1317","0.21406476961467472","0.21406476961467472","0.21406476961467472","1317","1317","1317","0.27087264258245475","0.27087264258245475","0.27087264258245475"
"109","1330","1330","1330","0.28704376333044734","0.28704376333044734","0.28704376333044734","1330","1330","1330","0.21721550637676112","0.21721550637676112","0.21721550637676112","1330","1330","1330","0.27696092906683495","0.27696092906683495","0.27696092906683495"
"110","1342","1342","1342","0.2786197385310149","0.2786197385310149","0.2786197385310149","1342","1342","1342","0.21907914117075417","0.21907914117075417","0.21907914117075417","1342","1342","1342","0.27208775229969434","0.27208775229969434","0.27208775229969434"
"111","1354","1354","1354","0.2850369594742163","0.2850369594742163","0.2850369594742163","1354","1354","1354","0.22527766850648306","0.22527766850648306","0.22527766850648306","1354","1354","1354","0.28884451645361986","0.28884451645361986","0.28884451645361986"
"112","1366","1366","1366","0.28924872149555547","0.28924872149555547","0.28924872149555547","1366","1366","1366","0.2218112328222494","0.2218112328222494","0.2218112328222494","1366","1366","1366","0.28103311991538554","0.28103311991538554","0.28103311991538554"
"113","1378","1378","1378","0.28079166218799184","0.28079166218799184","0.28079166218799184","1378","1378","1378","0.2180090715647778","0.2180090715647778","0.2180090715647778","1378","1378","1378","0.2847039970648903","0.2847039970648903","0.2847039970648903"
"114","1390","1390","1390","0.281244238927733","0.281244238927733","0.281244238927733","1390","1390","1390","0.21632825558146718","0.21632825558146718","0.21632825558146718","1390","1390","1390","0.29170381490907876","0.29170381490907876","0.29170381490907876"
"115","1402","1402","1402","0.2952116941706422","0.2952116941706422","0.2952116941706422","1402","1402","1402","0.2231919422577843","0.2231919422577843","0.2231919422577843","1402","1402","1402","0.28488034176230154","0.28488034176230154","0.28488034176230154"
"116","1414","1414","1414","0.28349695441031403","0.28349695441031403","0.28349695441031403","1414","1414","1414","0.22469628930213886","0.22469628930213886","0.22469628930213886","1414","1414","1414","0.2804372026685479","0.2804372026685479","0.2804372026685479"
"117","1426","1426","1426","0.2719187176395321","0.2719187176395321","0.2719187176395321","1426","1426","1426","0.21654542504412852","0.21654542504412852","0.21654542504412852","1426","1426","1426","0.2688582676035224","0.2688582676035224","0.2688582676035224"
"118","1438","1438","1438","0.2907422953298478","0.2907422953298478","0.2907422953298478","1438","1438","1438","0.2245335640123739","0.2245335640123739","0.2245335640123739","1438","1438","1438","0.2710021271422488","0.2710021271422488","0.2710021271422488"
"119","1451","1451","1451","0.29050031606372695","0.29050031606372695","0.29050031606372695","1451","1451","1451","0.22300985469831947","0.22300985469831947","0.22300985469831947","1451","1451","1451","0.27618136884376165","0.27618136884376165","0.27618136884376165"
"120","1463","1463","1463","0.2901125228808459","0.2901125228808459","0.2901125228808459","1463","1463","1463","0.23211882873861686","0.23211882873861686","0.23211882873861686","1463","1463","1463","0.27581673092608655","0.27581673092608655","0.27581673092608655"
"121","1475","1475","1475","0.28862660698979614","0.28862660698979614","0.28862660698979614","1475","1475","1475","0.2270332430572699","0.2270332430572699","0.2270332430572699","1475","1475","1475","0.28423053548381616","0.28423053548381616","0.28423053548381616"
"122","1487","1487","1487","0.26819052874479243","0.26819052874479243","0.26819052874479243","1487","1487","1487","0.22216639245325415","0.22216639245325415","0.22216639245325415","1487","1487","1487","0.2741597595546695","0.2741597595546695","0.2741597595546695"
"123","1499","1499","1499","0.2832425990990847","0.2832425990990847","0.2832425990990847","1499","1499","1499","0.2127486308906853","0.2127486308906853","0.2127486308906853","1499","1499","1499","0.2746828385235683","0.2746828385235683","0.2746828385235683"
"124","1511","1511","1511","0.2915225623921362","0.2915225623921362","0.2915225623921362","1511","1511","1511","0.20148091800990245","0.20148091800990245","0.20148091800990245","1511","1511","1511","0.2737421649773986","0.2737421649773986","0.2737421649773986"
"125","1523","1523","1523","0.28722414058435636","0.28722414058435636","0.28722414058435636","1523","1523","1523","0.22680051061537992","0.22680051061537992","0.22680051061537992","1523","1523","1523","0.28547646618656164","0.28547646618656164","0.28547646618656164"
"126","1535","1535","1535","0.27447910795786234","0.27447910795786234","0.27447910795786234","1535","1535","1535","0.22700127412588053","0.22700127412588053","0.22700127412588053","1535","1535","1535","0.26598135765844916","0.26598135765844916","0.26598135765844916"
"127","1547","1547","1547","0.27056482935040227","0.27056482935040227","0.27056482935040227","1547","1547","1547","0.2269741828208721","0.2269741828208721","0.2269741828208721","1547","1547","1547","0.28808600828056574","0.28808600828056574","0.28808600828056574"
"128","1559","1559","1559","0.28733421703780065","0.28733421703780065","0.28733421703780065","1559","1559","1559","0.21884202818213222","0.21884202818213222","0.21884202818213222","1559","1559","1559","0.26290558635340155","0.26290558635340155","0.26290558635340155"
"129","1572","1572","1572","0.28951318765739686","0.28951318765739686","0.28951318765739686","1572","1572","1572","0.21670873423227166","0.21670873423227166","0.21670873423227166","1572","1572","1572","0.2788185345455954","0.2788185345455954","0.2788185345455954"
"130","1584","1584","1584","0.29832213335906005","0.29832213335906005","0.29832213335906005","1584","1584","1584","0.21861637661839084","0.21861637661839084","0.21861637661839084","1584","1584","1584","0.28328888875824615","0.28328888875824615","0.28328888875824615"
"131","1596","1596","1596","0.28076180755184327","0.28076180755184327","0.28076180755184327","1596","1596","1596","0.2214895769201219","0.2214895769201219","0.2214895769201219","1596","1596","1596","0.2772110539972594","0.2772110539972594","0.2772110539972594"
"132","1608","1608","1608","0.2739818532564961","0.2739818532564961","0.2739818532564961","1608","1608","1608","0.22866116602374717","0.22866116602374717","0.22866116602374717","1608","1608","1608","0.28621149923570766","0.28621149923570766","0.28621149923570766"
"133","1620","1620","1620","0.29614301960161304","0.29614301960161304","0.29614301960161304","1620","1620","1620","0.21352316542532468","0.21352316542532468","0.21352316542532468","1620","1620","1620","0.2863196555013003","0.2863196555013003","0.2863196555013003"
"134","1632","1632","1632","0.29531288367351094","0.29531288367351094","0.29531288367351094","1632","1632","1632","0.20783845418692054","0.20783845418692054","0.20783845418692054","1632","1632","1632","0.2677440177106245","0.2677440177106245","0.2677440177106245"
"135","1644","1644","1644","0.28341451741906165","0.28341451741906165","0.28341451741906165","1644","1644","1644","0.23090756860908426","0.23090756860908426","0.23090756860908426","1644","1644","1644","0.2864866615956584","0.2864866615956584","0.2864866615956584"
"136","1656","1656","1656","0.29275619359597815","0.29275619359597815","0.29275619359597815","1656","1656","1656","0.23322391191970984","0.23322391191970984","0.23322391191970984","1656","1656","1656","0.28761701389631067","0.28761701389631067","0.28761701389631067"
"137","1668","1668","1668","0.29518478154168537","0.29518478154168537","0.29518478154168537","1668","1668","1668","0.2244123448512131","0.2244123448512131","0.2244123448512131","1668","1668","1668","0.29630061722130685","0.29630061722130685","0.29630061722130685"
"138","1680","1680","1680","0.28670526914241823","0.28670526914241823","0.28670526914241823","1680","1680","1680","0.22635622999391772","0.22635622999391772","0.22635622999391772","1680","1680","1680","0.28884842011742284","0.28884842011742284","0.28884842011742284"
"139","1693","1693","1693","0.2884853094066861","0.2884853094066861","0.2884853094066861","1693","1693","1693","0.22642179926578204","0.22642179926578204","0.22642179926578204","1693","1693","1693","0.2811997328260126","0.2811997328260126","0.2811997328260126"
"140","1705","1705","1705","0.2779817745443344","0.2779817745443344","0.2779817745443344","1705","1705","1705","0.21431042192349503","0.21431042192349503","0.21431042192349503","1705","1705","1705","0.28193242239344085","0.28193242239344085","0.28193242239344085"
"141","1717","1717","1717","0.29186587141929676","0.29186587141929676","0.29186587141929676","1717","1717","1717","0.23368260459310164","0.23368260459310164","0.23368260459310164","1717","1717","1717","0.28013376967687925","0.28013376967687925","0.28013376967687925"
"142","1729","1729","1729","0.29564047818670225","0.29564047818670225","0.29564047818670225","1729","1729","1729","0.2312301072534351","0.2312301072534351","0.2312301072534351","1729","1729","1729","0.279706566695839","0.279706566695839","0.279706566695839"
"143","1741","1741","1741","0.3061203036650714","0.3061203036650714","0.3061203036650714","1741","1741","1741","0.21104440366376329","0.21104440366376329","0.21104440366376329","1741","1741","1741","0.2867222329015347","0.2867222329015347","0.2867222329015347"
"144","1753","1753","1753","0.2906259997042497","0.2906259997042497","0.2906259997042497","1753","1753","1753","0.22337855832066844","0.22337855832066844","0.22337855832066844","1753","1753","1753","0.29174565874242936","0.29174565874242936","0.29174565874242936"
"145","1765","1765","1765","0.28201203685225956","0.28201203685225956","0.28201203685225956","1765","1765","1765","0.23104325473750723","0.23104325473750723","0.23104325473750723","1765","1765","1765","0.2848973802060822","0.2848973802060822","0.2848973802060822"
"146","1777","1777","1777","0.2808091983395519","0.2808091983395519","0.2808091983395519","1777","1777","1777","0.22210358014745196","0.22210358014745196","0.22210358014745196","1777","1777","1777","0.28928176157656393","0.28928176157656393","0.28928176157656393"
"147","1789","1789","1789","0.27593386085869176","0.27593386085869176","0.27593386085869176","1789","1789","1789","0.23694799373553155","0.23694799373553155","0.23694799373553155","1789","1789","1789","0.2833870580886833","0.2833870580886833","0.2833870580886833"
"148","1801","1801","1801","0.29049314272080384","0.29049314272080384","0.29049314272080384","1801","1801","1801","0.2374531239831329","0.2374531239831329","0.2374531239831329","1801","1801","1801","0.28218851932247224","0.28218851932247224","0.28218851932247224"
"149","1814","1814","1814","0.2901687386815997","0.2901687386815997","0.2901687386815997","1814","1814","1814","0.23610340204153404","0.23610340204153404","0.23610340204153404","1814","1814","1814","0.2939964244225003","0.2939964244225003","0.2939964244225003"
"150","1826","1826","1826","0.3013898010477256","0.3013898010477256","0.3013898010477256","1826","1826","1826","0.22567556747249023","0.22567556747249023","0.22567556747249023","1826","1826","1826","0.28464247478755017","0.28464247478755017","0.28464247478755017"
"151","1838","1838","1838","0.30204479218538016","0.30204479218538016","0.30204479218538016","1838","1838","1838","0.23938731076981534","0.23938731076981534","0.23938731076981534","1838","1838","1838","0.2918036452747234","0.2918036452747234","0.2918036452747234"
"152","1850","1850","1850","0.2936223452485365","0.2936223452485365","0.2936223452485365","1850","1850","1850","0.2383165033059449","0.2383165033059449","0.2383165033059449","1850","1850","1850","0.2733879757747249","0.2733879757747249","0.2733879757747249"
"153","1862","1862","1862","0.2916958181200539","0.2916958181200539","0.2916958181200539","1862","1862","1862","0.22601470605995921","0.22601470605995921","0.22601470605995921","1862","1862","1862","0.2786666134684319","0.2786666134684319","0.2786666134684319"
"154","1874","1874","1874","0.27715497427213115","0.27715497427213115","0.27715497427213115","1874","1874","1874","0.21780921937531988","0.21780921937531988","0.21780921937531988","1874","1874","1874","0.27693702887586313","0.27693702887586313","0.27693702887586313"
"155","1886","1886","1886","0.30033814369666306","0.30033814369666306","0.30033814369666306","1886","1886","1886","0.24499927907323654","0.24499927907323654","0.24499927907323654","1886","1886","1886","0.2836109394812479","0.2836109394812479","0.2836109394812479"
"156","1898","1898","1898","0.30272737071950884","0.30272737071950884","0.30272737071950884","1898","1898","1898","0.2298729038841909","0.2298729038841909","0.2298729038841909","1898","1898","1898","0.2877826869536196","0.2877826869536196","0.2877826869536196"
"157","1910","1910","1910","0.2987173019154824","0.2987173019154824","0.2987173019154824","1910","1910","1910","0.23065140788627383","0.23065140788627383","0.23065140788627383","1910","1910","1910","0.28942700324849036","0.28942700324849036","0.28942700324849036"
"158","1922","1922","1922","0.3001668625402771","0.3001668625402771","0.3001668625402771","1922","1922","1922","0.23511014850070497","0.23511014850070497","0.23511014850070497","1922","1922","1922","0.2824031543853362","0.2824031543853362","0.2824031543853362"
"159","1935","1935","1935","0.30351244224533563","0.30351244224533563","0.30351244224533563","1935","1935","1935","0.23124822184933908","0.23124822184933908","0.23124822184933908","1935","1935","1935","0.27730735125729644","0.27730735125729644","0.27730735125729644"
"160","1947","1947","1947","0.30259928756613386","0.30259928756613386","0.30259928756613386","1947","1947","1947","0.2243216783385184","0.2243216783385184","0.2243216783385184","1947","1947","1947","0.269126856628532","0.269126856628532","0.269126856628532"
"161","1959","1959","1959","0.29476953941658646","0.29476953941658646","0.29476953941658646","1959","1959","1959","0.22916143869613295","0.22916143869613295","0.22916143869613295","1959","1959","1959","0.28750567709471253","0.28750567709471253","0.28750567709471253"
"162","1971","1971","1971","0.2884049463915044","0.2884049463915044","0.2884049463915044","1971","1971","1971","0.2332418786061404","0.2332418786061404","0.2332418786061404","1971","1971","1971","0.2922288282653524","0.2922288282653524","0.2922288282653524"
"163","1983","1983","1983","0.29791033461837707","0.29791033461837707","0.29791033461837707","1983","1983","1983","0.23946464449713675","0.23946464449713675","0.23946464449713675","1983","1983","1983","0.27642891472073317","0.27642891472073317","0.27642891472073317"
"164","1995","1995","1995","0.30908327048399453","0.30908327048399453","0.30908327048399453","1995","1995","1995","0.23144455304674763","0.23144455304674763","0.23144455304674763","1995","1995","1995","0.2873481093615604","0.2873481093615604","0.2873481093615604"
"165","2007","2007","2007","0.29162495776843117","0.29162495776843117","0.29162495776843117","2007","2007","2007","0.22723449170233795","0.22723449170233795","0.22723449170233795","2007","2007","2007","0.2805164680182121","0.2805164680182121","0.2805164680182121"
"166","2019","2019","2019","0.29006599200102917","0.29006599200102917","0.29006599200102917","2019","2019","2019","0.2343565331048241","0.2343565331048241","0.2343565331048241","2019","2019","2019","0.2891992046685667","0.2891992046685667","0.2891992046685667"
"167","2031","2031","2031","0.2861679023471842","0.2861679023471842","0.2861679023471842","2031","2031","2031","0.23852183243235825","0.23852183243235825","0.23852183243235825","2031","2031","2031","0.28659465047920674","0.28659465047920674","0.28659465047920674"
"168","2043","2043","2043","0.29790413477736266","0.29790413477736266","0.29790413477736266","2043","2043","2043","0.2283513970405499","0.2283513970405499","0.2283513970405499","2043","2043","2043","0.2883449816543175","0.2883449816543175","0.2883449816543175"
"169","2056","2056","2056","0.3032787468897679","0.3032787468897679","0.3032787468897679","2056","2056","2056","0.23585199092209477","0.23585199092209477","0.23585199092209477","2056","2056","2056","0.2973821164933757","0.2973821164933757","0.2973821164933757"
"170","2068","2068","2068","0.30297241745355846","0.30297241745355846","0.30297241745355846","2068","2068","2068","0.228150465207171","0.228150465207171","0.228150465207171","2068","2068","2068","0.2987964716698637","0.2987964716698637","0.2987964716698637"
"171","2080","2080","2080","0.2987294071712773","0.2987294071712773","0.2987294071712773","2080","2080","2080","0.22451818444016125","0.22451818444016125","0.22451818444016125","2080","2080","2080","0.27921381556087543","0.27921381556087543","0.27921381556087543"
"172","2092","2092","2092","0.3075947029835579","0.3075947029835579","0.3075947029835579","2092","2092","2092","0.22865987009451785","0.22865987009451785","0.22865987009451785","2092","2092","2092","0.2874206707035903","0.2874206707035903","0.2874206707035903"
"173","2104","2104","2104","0.2933994778739787","0.2933994778739787","0.2933994778739787","2104","2104","2104","0.2396909057566537","0.2396909057566537","0.2396909057566537","2104","2104","2104","0.2857893232391179","0.2857893232391179","0.2857893232391179"
"174","2116","2116","2116","0.30222351851230556","0.30222351851230556","0.30222351851230556","2116","2116","2116","0.22830512641086226","0.22830512641086226","0.22830512641086226","2116","2116","2116","0.28648971559038044","0.28648971559038044","0.28648971559038044"
"175","2128","2128","2128","0.31128095742699563","0.31128095742699563","0.31128095742699563","2128","2128","2128","0.23713588699097302","0.23713588699097302","0.23713588699097302","2128","2128","2128","0.28723327902426576","0.28723327902426576","0.28723327902426576"
"176","2140","2140","2140","0.29839157537507","0.29839157537507","0.29839157537507","2140","2140","2140","0.2425168745182417","0.2425168745182417","0.2425168745182417","2140","2140","2140","0.28253922993899333","0.28253922993899333","0.28253922993899333"
"177","2152","2152","2152","0.3167268086981611","0.3167268086981611","0.3167268086981611","2152","2152","2152","0.23016464017265206","0.23016464017265206","0.23016464017265206","2152","2152","2152","0.2937750841451369","0.2937750841451369","0.2937750841451369"
"178","2164","2164","2164","0.30414595033689124","0.30414595033689124","0.30414595033689124","2164","2164","2164","0.2348579390988286","0.2348579390988286","0.2348579390988286","2164","2164","2164","0.27863786554573966","0.27863786554573966","0.27863786554573966"
"179","2177","2177","2177","0.30364405132716216","0.30364405132716216","0.30364405132716216","2177","2177","2177","0.23272547352038012","0.23272547352038012","0.23272547352038012","2177","2177","2177","0.28992199647533146","0.28992199647533146","0.28992199647533146"
"180","2189","2189","2189","0.29994188962231705","0.29994188962231705","0.29994188962231705","2189","2189","2189","0.2407456660802982","0.2407456660802982","0.2407456660802982","2189","2189","2189","0.2941802620465519","0.2941802620465519","0.2941802620465519"
"181","2201","2201","2201","0.30506167628356506","0.30506167628356506","0.30506167628356506","2201","2201","2201","0.23885054313693363","0.23885054313693363","0.23885054313693363","2201","2201","2201","0.2833027206970562","0.2833027206970562","0.2833027206970562"
"182","2213","2213","2213","0.3035287716047406","0.3035287716047406","0.3035287716047406","2213","2213","2213","0.23833772845170145","0.23833772845170145","0.23833772845170145","2213","2213","2213","0.28435635887910565","0.28435635887910565","0.28435635887910565"
"183","2225","2225","2225","0.30214890147721424","0.30214890147721424","0.30214890147721424","2225","2225","2225","0.23060978005277133","0.23060978005277133","0.23060978005277133","2225","2225","2225","0.2823947365933937","0.2823947365933937","0.2823947365933937"
"184","2237","2237","2237","0.3108001554761598","0.3108001554761598","0.3108001554761598","2237","2237","2237","0.23894541981123846","0.23894541981123846","0.23894541981123846","2237","2237","2237","0.281640570358982","0.281640570358982","0.281640570358982"
"185","2249","2249","2249","0.30853863119967573","0.30853863119967573","0.30853863119967573","2249","2249","2249","0.2310464144968518","0.2310464144968518","0.2310464144968518","2249","2249","2249","0.2822428203384188","0.2822428203384188","0.2822428203384188"
"186","2261","2261","2261","0.30073240305434773","0.30073240305434773","0.30073240305434773","2261","2261","2261","0.2426469460716452","0.2426469460716452","0.2426469460716452","2261","2261","2261","0.28678185953424823","0.28678185953424823","0.28678185953424823"
"187","2273","2273","2273","0.30893211676926186","0.30893211676926186","0.30893211676926186","2273","2273","2273","0.23543492133605784","0.23543492133605784","0.23543492133605784","2273","2273","2273","0.28919216764014505","0.28919216764014505","0.28919216764014505"
"188","2285","2285","2285","0.30969568358152627","0.30969568358152627","0.30969568358152627","2285","2285","2285","0.23250570805573306","0.23250570805573306","0.23250570805573306","2285","2285","2285","0.2863234667536332","0.2863234667536332","0.2863234667536332"
"189","2298","2298","2298","0.3141398689935627","0.3141398689935627","0.3141398689935627","2298","2298","2298","0.23789848910854705","0.23789848910854705","0.23789848910854705","2298","2298","2298","0.2895270777271581","0.2895270777271581","0.2895270777271581"
"190","2310","2310","2310","0.3062930740923607","0.3062930740923607","0.3062930740923607","2310","2310","2310","0.22682986256295612","0.22682986256295612","0.22682986256295612","2310","2310","2310","0.29290566256016476","0.29290566256016476","0.29290566256016476"
"191","2322","2322","2322","0.3135529647249224","0.3135529647249224","0.3135529647249224","2322","2322","2322","0.24169069588900055","0.24169069588900055","0.24169069588900055","2322","2322","2322","0.29095680521049183","0.29095680521049183","0.29095680521049183"
"192","2334","2334","2334","0.30887960628423006","0.30887960628423006","0.30887960628423006","2334","2334","2334","0.23279470178288036","0.23279470178288036","0.23279470178288036","2334","2334","2334","0.2907697020019869","0.2907697020019869","0.2907697020019869"
"193","2346","2346","2346","0.30066040851227743","0.30066040851227743","0.30066040851227743","2346","2346","2346","0.24334370845384024","0.24334370845384024","0.24334370845384024","2346","2346","2346","0.288306845832166","0.288306845832166","0.288306845832166"
"194","2358","2358","2358","0.3098291282001792","0.3098291282001792","0.3098291282001792","2358","2358","2358","0.23132741034070609","0.23132741034070609","0.23132741034070609","2358","2358","2358","0.2771232831559841","0.2771232831559841","0.2771232831559841"
"195","2370","2370","2370","0.3108144977262132","0.3108144977262132","0.3108144977262132","2370","2370","2370","0.23965765611980347","0.23965765611980347","0.23965765611980347","2370","2370","2370","0.2937486043103078","0.2937486043103078","0.2937486043103078"
"196","2382","2382","2382","0.31698278859246737","0.31698278859246737","0.31698278859246737","2382","2382","2382","0.24920311219377433","0.24920311219377433","0.24920311219377433","2382","2382","2382","0.29763728249342414","0.29763728249342414","0.29763728249342414"
"197","2394","2394","2394","0.3027274874948735","0.3027274874948735","0.3027274874948735","2394","2394","2394","0.2381457482308711","0.2381457482308711","0.2381457482308711","2394","2394","2394","0.28832000661234625","0.28832000661234625","0.28832000661234625"
"198","2406","2406","2406","0.3093699241806836","0.3093699241806836","0.3093699241806836","2406","2406","2406","0.23499010721524852","0.23499010721524852","0.23499010721524852","2406","2406","2406","0.29693444374334726","0.29693444374334726","0.29693444374334726"
"199","2419","2419","2419","0.3154579499220202","0.3154579499220202","0.3154579499220202","2419","2419","2419","0.23922486019429867","0.23922486019429867","0.23922486019429867","2419","2419","2419","0.2892807107055446","0.2892807107055446","0.2892807107055446"
"200","2431","2431","2431","0.3124238262291325","0.3124238262291325","0.3124238262291325","2431","2431","2431","0.24339011122528034","0.24339011122528034","0.24339011122528034","2431","2431","2431","0.2818000410198106","0.2818000410198106","0.2818000410198106"
"201","2443","2443","2443","0.3059347420452721","0.3059347420452721","0.3059347420452721","2443","2443","2443","0.23930580119906567","0.23930580119906567","0.23930580119906567","2443","2443","2443","0.2945953378786918","0.2945953378786918","0.2945953378786918"
"202","2455","2455","2455","0.31184768247692185","0.31184768247692185","0.31184768247692185","2455","2455","2455","0.23644765023451964","0.23644765023451964","0.23644765023451964","2455","2455","2455","0.29224170756195983","0.29224170756195983","0.29224170756195983"
"203","2467","2467","2467","0.2984422490657739","0.2984422490657739","0.2984422490657739","2467","2467","2467","0.23403612369725613","0.23403612369725613","0.23403612369725613","2467","2467","2467","0.2907706798475586","0.2907706798475586","0.2907706798475586"
"204","2479","2479","2479","0.2917069446681193","0.2917069446681193","0.2917069446681193","2479","2479","2479","0.24064832517033044","0.24064832517033044","0.24064832517033044","2479","2479","2479","0.28679196119121514","0.28679196119121514","0.28679196119121514"
"205","2491","2491","2491","0.3184506500597846","0.3184506500597846","0.3184506500597846","2491","2491","2491","0.2354846285389278","0.2354846285389278","0.2354846285389278","2491","2491","2491","0.2920042188895382","0.2920042188895382","0.2920042188895382"
"206","2503","2503","2503","0.31198388727765086","0.31198388727765086","0.31198388727765086","2503","2503","2503","0.24058876687228245","0.24058876687228245","0.24058876687228245","2503","2503","2503","0.28972941380297057","0.28972941380297057","0.28972941380297057"
"207","2515","2515","2515","0.3215874813977009","0.3215874813977009","0.3215874813977009","2515","2515","2515","0.23870652086258887","0.23870652086258887","0.23870652086258887","2515","2515","2515","0.284118310526295","0.284118310526295","0.284118310526295"
"208","2527","2527","2527","0.30993777607258016","0.30993777607258016","0.30993777607258016","2527","2527","2527","0.22998405817417245","0.22998405817417245","0.22998405817417245","2527","2527","2527","0.28975221877444846","0.28975221877444846","0.28975221877444846"
"209","2540","2540","2540","0.3256898107901163","0.3256898107901163","0.3256898107901163","2540","2540","2540","0.2447998764162294","0.2447998764162294","0.2447998764162294","2540","2540","2540","0.2863724987788202","0.2863724987788202","0.2863724987788202"
"210","2552","2552","2552","0.32155645655576504","0.32155645655576504","0.32155645655576504","2552","2552","2552","0.24071837349350508","0.24071837349350508","0.24071837349350508","2552","2552","2552","0.29521292329766824","0.29521292329766824","0.29521292329766824"
"211","2564","2564","2564","0.3111574048830064","0.3111574048830064","0.3111574048830064","2564","2564","2564","0.23637016938455072","0.23637016938455072","0.23637016938455072","2564","2564","2564","0.29755594146183545","0.29755594146183545","0.29755594146183545"
"212","2576","2576","2576","0.31546700773933123","0.31546700773933123","0.31546700773933123","2576","2576","2576","0.24083788575798662","0.24083788575798662","0.24083788575798662","2576","2576","2576","0.2939118522428786","0.2939118522428786","0.2939118522428786"
"213","2588","2588","2588","0.31368027500659773","0.31368027500659773","0.31368027500659773","2588","2588","2588","0.24390980760918954","0.24390980760918954","0.24390980760918954","2588","2588","2588","0.29634475700060103","0.29634475700060103","0.29634475700060103"
"214","2600","2600","2600","0.31437418645813436","0.31437418645813436","0.31437418645813436","2600","2600","2600","0.24071738373536455","0.24071738373536455","0.24071738373536455","2600","2600","2600","0.28804862944413895","0.28804862944413895","0.28804862944413895"
"215","2612","2612","2612","0.31341980499990657","0.31341980499990657","0.31341980499990657","2612","2612","2612","0.23439602357422246","0.23439602357422246","0.23439602357422246","2612","2612","2612","0.302741094705979","0.302741094705979","0.302741094705979"
"216","2624","2624","2624","0.3201140545031175","0.3201140545031175","0.3201140545031175","2624","2624","2624","0.24649631193946986","0.24649631193946986","0.24649631193946986","2624","2624","2624","0.30542154262261983","0.30542154262261983","0.30542154262261983"
"217","2636","2636","2636","0.32118887012424036","0.32118887012424036","0.32118887012424036","2636","2636","2636","0.2386908871997341","0.2386908871997341","0.2386908871997341","2636","2636","2636","0.2937034329582991","0.2937034329582991","0.2937034329582991"
"218","2648","2648","2648","0.3134502979618408","0.3134502979618408","0.3134502979618408","2648","2648","2648","0.2319795617491668","0.2319795617491668","0.2319795617491668","2648","2648","2648","0.3018253534790548","0.3018253534790548","0.3018253534790548"
"219","2661","2661","2661","0.31632302387095834","0.31632302387095834","0.31632302387095834","2661","2661","2661","0.2414179497660787","0.2414179497660787","0.2414179497660787","2661","2661","2661","0.29034220969626756","0.29034220969626756","0.29034220969626756"
"220","2673","2673","2673","0.3015438365527242","0.3015438365527242","0.3015438365527242","2673","2673","2673","0.2376066540607493","0.2376066540607493","0.2376066540607493","2673","2673","2673","0.2960445091090693","0.2960445091090693","0.2960445091090693"
"221","2685","2685","2685","0.3089844302202446","0.3089844302202446","0.3089844302202446","2685","2685","2685","0.24962311434978599","0.24962311434978599","0.24962311434978599","2685","2685","2685","0.2981390602365687","0.2981390602365687","0.2981390602365687"
"222","2697","2697","2697","0.30628385658260054","0.30628385658260054","0.30628385658260054","2697","2697","2697","0.24173918536022346","0.24173918536022346","0.24173918536022346","2697","2697","2697","0.29957782326735255","0.29957782326735255","0.29957782326735255"
"223","2709","2709","2709","0.3220445062162558","0.3220445062162558","0.3220445062162558","2709","2709","2709","0.228874719455048","0.228874719455048","0.228874719455048","2709","2709","2709","0.2964351773655959","0.2964351773655959","0.2964351773655959"
"224","2721","2721","2721","0.3217387673962861","0.3217387673962861","0.3217387673962861","2721","2721","2721","0.24398167620540262","0.24398167620540262","0.24398167620540262","2721","2721","2721","0.2941076069937322","0.2941076069937322","0.2941076069937322"
"225","2733","2733","2733","0.3150121952341596","0.3150121952341596","0.3150121952341596","2733","2733","2733","0.24077956028076344","0.24077956028076344","0.24077956028076344","2733","2733","2733","0.2897562302228151","0.2897562302228151","0.2897562302228151"
"226","2745","2745","2745","0.32675520049281914","0.32675520049281914","0.32675520049281914","2745","2745","2745","0.24424931872688735","0.24424931872688735","0.24424931872688735","2745","2745","2745","0.28986771329356564","0.28986771329356564","0.28986771329356564"
"227","2757","2757","2757","0.3193854208836325","0.3193854208836325","0.3193854208836325","2757","2757","2757","0.24487427983590862","0.24487427983590862","0.24487427983590862","2757","2757","2757","0.30090790802468","0.30090790802468","0.30090790802468"
"228","2769","2769","2769","0.3228572896132204","0.3228572896132204","0.3228572896132204","2769","2769","2769","0.24757974383092027","0.24757974383092027","0.24757974383092027","2769","2769","2769","0.2895500079732216","0.2895500079732216","0.2895500079732216"
"229","2782","2782","2782","0.31517727240508997","0.31517727240508997","0.31517727240508997","2782","2782","2782","0.23560983495792376","0.23560983495792376","0.23560983495792376","2782","2782","2782","0.28747199927297595","0.28747199927297595","0.28747199927297595"
"230","2794","2794","2794","0.32262409300332723","0.32262409300332723","0.32262409300332723","2794","2794","2794","0.2429849704371958","0.2429849704371958","0.2429849704371958","2794","2794","2794","0.2896685277852388","0.2896685277852388","0.2896685277852388"
"231","2806","2806","2806","0.32338975150812577","0.32338975150812577","0.32338975150812577","2806","2806","2806","0.2358622716777956","0.2358622716777956","0.2358622716777956","2806","2806","2806","0.29507875047501764","0.29507875047501764","0.29507875047501764"
"232","2818","2818","2818","0.31965703710121485","0.31965703710121485","0.31965703710121485","2818","2818","2818","0.23465303672874305","0.23465303672874305","0.23465303672874305","2818","2818","2818","0.2949840446520137","0.2949840446520137","0.2949840446520137"
"233","2830","2830","2830","0.3217300109398856","0.3217300109398856","0.3217300109398856","2830","2830","2830","0.24332701357206715","0.24332701357206715","0.24332701357206715","2830","2830","2830","0.3036052399327162","0.3036052399327162","0.3036052399327162"
"234","2842","2842","2842","0.32134601718776","0.32134601718776","0.32134601718776","2842","2842","2842","0.24088976971765452","0.24088976971765452","0.24088976971765452","2842","2842","2842","0.29726104645319773","0.29726104645319773","0.29726104645319773"
"235","2854","2854","2854","0.3249711202074512","0.3249711202074512","0.3249711202074512","2854","2854","2854","0.24161644991200282","0.24161644991200282","0.24161644991200282","2854","2854","2854","0.29964306818312614","0.29964306818312614","0.29964306818312614"
"236","2866","2866","2866","0.32352498640718685","0.32352498640718685","0.32352498640718685","2866","2866","2866","0.2468248452808032","0.2468248452808032","0.2468248452808032","2866","2866","2866","0.29821113333643917","0.29821113333643917","0.29821113333643917"
"237","2878","2878","2878","0.33026533449811224","0.33026533449811224","0.33026533449811224","2878","2878","2878","0.24524793759879734","0.24524793759879734","0.24524793759879734","2878","2878","2878","0.3027242415664647","0.3027242415664647","0.3027242415664647"
"238","2890","2890","2890","0.32548484468487426","0.32548484468487426","0.32548484468487426","2890","2890","2890","0.24790684311042493","0.24790684311042493","0.24790684311042493","2890","2890","2890","0.291502058248929","0.291502058248929","0.291502058248929"
"239","2903","2903","2903","0.3258516753119157","0.3258516753119157","0.3258516753119157","2903","2903","2903","0.2451934982257404","0.2451934982257404","0.2451934982257404","2903","2903","2903","0.30050443409049166","0.30050443409049166","0.30050443409049166"
"240","2915","2915","2915","0.3232219430325164","0.3232219430325164","0.3232219430325164","2915","2915","2915","0.24932577678270987","0.24932577678270987","0.24932577678270987","2915","2915","2915","0.2807491809210652","0.2807491809210652","0.2807491809210652"
"241","2927","2927","2927","0.3161811744755422","0.3161811744755422","0.3161811744755422","2927","2927","2927","0.24837910630897508","0.24837910630897508","0.24837910630897508","2927","2927","2927","0.2978815608756886","0.2978815608756886","0.2978815608756886"
"242","2939","2939","2939","0.32107437791533905","0.32107437791533905","0.32107437791533905","2939","2939","2939","0.24137482618839795","0.24137482618839795","0.24137482618839795","2939","2939","2939","0.2979748082206212","0.2979748082206212","0.2979748082206212"
"243","2951","2951","2951","0.3189175537294118","0.3189175537294118","0.3189175537294118","2951","2951","2951","0.23989342782617035","0.23989342782617035","0.23989342782617035","2951","2951","2951","0.2944989707800389","0.2944989707800389","0.2944989707800389"
"244","2963","2963","2963","0.31817078075560373","0.31817078075560373","0.31817078075560373","2963","2963","2963","0.24432886261858983","0.24432886261858983","0.24432886261858983","2963","2963","2963","0.28642277855521314","0.28642277855521314","0.28642277855521314"
"245","2975","2975","2975","0.3297518180578849","0.3297518180578849","0.3297518180578849","2975","2975","2975","0.2486580252937854","0.2486580252937854","0.2486580252937854","2975","2975","2975","0.29498204471264283","0.29498204471264283","0.29498204471264283"
"246","2987","2987","2987","0.32418573292737934","0.32418573292737934","0.32418573292737934","2987","2987","2987","0.23466527696772532","0.23466527696772532","0.23466527696772532","2987","2987","2987","0.29486741502526986","0.29486741502526986","0.29486741502526986"
"247","2999","2999","2999","0.3207843926530479","0.3207843926530479","0.3207843926530479","2999","2999","2999","0.24836265302281527","0.24836265302281527","0.24836265302281527","2999","2999","2999","0.296479959607663","0.296479959607663","0.296479959607663"
"248","3011","3011","3011","0.3280805515854548","0.3280805515854548","0.3280805515854548","3011","3011","3011","0.2436406258634947","0.2436406258634947","0.2436406258634947","3011","3011","3011","0.30018521489529376","0.30018521489529376","0.30018521489529376"
"249","3024","3024","3024","0.3220563634529072","0.3220563634529072","0.3220563634529072","3024","3024","3024","0.24256591549931758","0.24256591549931758","0.24256591549931758","3024","3024","3024","0.2960032996292818","0.2960032996292818","0.2960032996292818"
"250","3036","3036","3036","0.33826024759184453","0.33826024759184453","0.33826024759184453","3036","3036","3036","0.2473771452556815","0.2473771452556815","0.2473771452556815","3036","3036","3036","0.3098627939653807","0.3098627939653807","0.3098627939653807"
"251","3048","3048","3048","0.3270067954774282","0.3270067954774282","0.3270067954774282","3048","3048","3048","0.2437798426919529","0.2437798426919529","0.2437798426919529","3048","3048","3048","0.3028525473186789","0.3028525473186789","0.3028525473186789"
"252","3060","3060","3060","0.33054555689853493","0.33054555689853493","0.33054555689853493","3060","3060","3060","0.2477253555271944","0.2477253555271944","0.2477253555271944","3060","3060","3060","0.3004275608435747","0.3004275608435747","0.3004275608435747"
"253","3072","3072","3072","0.3301277206623176","0.3301277206623176","0.3301277206623176","3072","3072","3072","0.25285109074994233","0.25285109074994233","0.25285109074994233","3072","3072","3072","0.31151454102029363","0.31151454102029363","0.31151454102029363"
"254","3084","3084","3084","0.31949241519107774","0.31949241519107774","0.31949241519107774","3084","3084","3084","0.24862675621903405","0.24862675621903405","0.24862675621903405","3084","3084","3084","0.3000589360605462","0.3000589360605462","0.3000589360605462"
"255","3096","3096","3096","0.3310302795495077","0.3310302795495077","0.3310302795495077","3096","3096","3096","0.25431439790562566","0.25431439790562566","0.25431439790562566","3096","3096","3096","0.2981305126325657","0.2981305126325657","0.2981305126325657"
"256","3108","3108","3108","0.3217182639698407","0.3217182639698407","0.3217182639698407","3108","3108","3108","0.25210532091429594","0.25210532091429594","0.25210532091429594","3108","3108","3108","0.3011817377834269","0.3011817377834269","0.3011817377834269"
"257","3120","3120","3120","0.3248134768266091","0.3248134768266091","0.3248134768266091","3120","3120","3120","0.24416209124465652","0.24416209124465652","0.24416209124465652","3120","3120","3120","0.3039389744945887","0.3039389744945887","0.3039389744945887"
"258","3132","3132","3132","0.3298893169114416","0.3298893169114416","0.3298893169114416","3132","3132","3132","0.2458771789191187","0.2458771789191187","0.2458771789191187","3132","3132","3132","0.2996281969856512","0.2996281969856512","0.2996281969856512"
"259","3145","3145","3145","0.33202494340811967","0.33202494340811967","0.33202494340811967","3145","3145","3145","0.2514312117197465","0.2514312117197465","0.2514312117197465","3145","3145","3145","0.3066426282618705","0.3066426282618705","0.3066426282618705"
"260","3157","3157","3157","0.3235300641049609","0.3235300641049609","0.3235300641049609","3157","3157","3157","0.2529665379686914","0.2529665379686914","0.2529665379686914","3157","3157","3157","0.30802052806590413","0.30802052806590413","0.30802052806590413"
"261","3169","3169","3169","0.32876024966692485","0.32876024966692485","0.32876024966692485","3169","3169","3169","0.2535879512724293","0.2535879512724293","0.2535879512724293","3169","3169","3169","0.30043743622294034","0.30043743622294034","0.30043743622294034"
"262","3181","3181","3181","0.3309829323761287","0.3309829323761287","0.3309829323761287","3181","3181","3181","0.24847176670900936","0.24847176670900936","0.24847176670900936","3181","3181","3181","0.3031809693659302","0.3031809693659302","0.3031809693659302"
"263","3193","3193","3193","0.3309436491247191","0.3309436491247191","0.3309436491247191","3193","3193","3193","0.24834594671564736","0.24834594671564736","0.24834594671564736","3193","3193","3193","0.30531936585016783","0.30531936585016783","0.30531936585016783"
"264","3205","3205","3205","0.32831799985166044","0.32831799985166044","0.32831799985166044","3205","3205","3205","0.24628343754117035","0.24628343754117035","0.24628343754117035","3205","3205","3205","0.30246151513705544","0.30246151513705544","0.30246151513705544"
"265","3217","3217","3217","0.33108058446056426","0.33108058446056426","0.33108058446056426","3217","3217","3217","0.24929049906109102","0.24929049906109102","0.24929049906109102","3217","3217","3217","0.30937258480584484","0.30937258480584484","0.30937258480584484"
"266","3229","3229","3229","0.3364830962266909","0.3364830962266909","0.3364830962266909","3229","3229","3229","0.25221257511438483","0.25221257511438483","0.25221257511438483","3229","3229","3229","0.3132164482624598","0.3132164482624598","0.3132164482624598"
"267","3241","3241","3241","0.3282706908209652","0.3282706908209652","0.3282706908209652","3241","3241","3241","0.25173958650978867","0.25173958650978867","0.25173958650978867","3241","3241","3241","0.30417946765645165","0.30417946765645165","0.30417946765645165"
"268","3253","3253","3253","0.3282986413424375","0.3282986413424375","0.3282986413424375","3253","3253","3253","0.24846249632869954","0.24846249632869954","0.24846249632869954","3253","3253","3253","0.3034533293516609","0.3034533293516609","0.3034533293516609"
"269","3266","3266","3266","0.33619854300936514","0.33619854300936514","0.33619854300936514","3266","3266","3266","0.24950762519644903","0.24950762519644903","0.24950762519644903","3266","3266","3266","0.3043627070585007","0.3043627070585007","0.3043627070585007"
"270","3278","3278","3278","0.3350008708205885","0.3350008708205885","0.3350008708205885","3278","3278","3278","0.2451913925188281","0.2451913925188281","0.2451913925188281","3278","3278","3278","0.30952830224104266","0.30952830224104266","0.30952830224104266"
"271","3290","3290","3290","0.33128478630031083","0.33128478630031083","0.33128478630031083","3290","3290","3290","0.25171555069927876","0.25171555069927876","0.25171555069927876","3290","3290","3290","0.3101410689518938","0.3101410689518938","0.3101410689518938"
"272","3302","3302","3302","0.33054831588081085","0.33054831588081085","0.33054831588081085","3302","3302","3302","0.2498538768916763","0.2498538768916763","0.2498538768916763","3302","3302","3302","0.3101402723903335","0.3101402723903335","0.3101402723903335"
"273","3314","3314","3314","0.3371618648876041","0.3371618648876041","0.3371618648876041","3314","3314","3314","0.2488352256736816","0.2488352256736816","0.2488352256736816","3314","3314","3314","0.30568456813828","0.30568456813828","0.30568456813828"
"274","3326","3326","3326","0.33304014031228735","0.33304014031228735","0.33304014031228735","3326","3326","3326","0.24474924200868925","0.24474924200868925","0.24474924200868925","3326","3326","3326","0.3059586204073702","0.3059586204073702","0.3059586204073702"
"275","3338","3338","3338","0.33005845156742836","0.33005845156742836","0.33005845156742836","3338","3338","3338","0.24113806136850344","0.24113806136850344","0.24113806136850344","3338","3338","3338","0.30811407118400025","0.30811407118400025","0.30811407118400025"
"276","3350","3350","3350","0.3378915933921327","0.3378915933921327","0.3378915933921327","3350","3350","3350","0.24438124002199726","0.24438124002199726","0.24438124002199726","3350","3350","3350","0.31192843357058386","0.31192843357058386","0.31192843357058386"
"277","3362","3362","3362","0.3343783418821433","0.3343783418821433","0.3343783418821433","3362","3362","3362","0.2547977676998666","0.2547977676998666","0.2547977676998666","3362","3362","3362","0.30778651269232726","0.30778651269232726","0.30778651269232726"
"278","3374","3374","3374","0.3315611388243236","0.3315611388243236","0.3315611388243236","3374","3374","3374","0.2476178622399075","0.2476178622399075","0.2476178622399075","3374","3374","3374","0.31076099228149323","0.31076099228149323","0.31076099228149323"
"279","3387","3387","3387","0.3397845549210877","0.3397845549210877","0.3397845549210877","3387","3387","3387","0.2476623217704819","0.2476623217704819","0.2476623217704819","3387","3387","3387","0.3101445345845291","0.3101445345845291","0.3101445345845291"
"280","3399","3399","3399","0.33633739782934774","0.33633739782934774","0.33633739782934774","3399","3399","3399","0.2503448245422441","0.2503448245422441","0.2503448245422441","3399","3399","3399","0.31582857340323905","0.31582857340323905","0.31582857340323905"
"281","3411","3411","3411","0.32826514752047675","0.32826514752047675","0.32826514752047675","3411","3411","3411","0.24877726296378408","0.24877726296378408","0.24877726296378408","3411","3411","3411","0.31335276366707343","0.31335276366707343","0.31335276366707343"
"282","3423","3423","3423","0.3383831531483858","0.3383831531483858","0.3383831531483858","3423","3423","3423","0.24698321626617997","0.24698321626617997","0.24698321626617997","3423","3423","3423","0.31169486566044285","0.31169486566044285","0.31169486566044285"
"283","3435","3435","3435","0.3387397526377262","0.3387397526377262","0.3387397526377262","3435","3435","3435","0.24937176040879436","0.24937176040879436","0.24937176040879436","3435","3435","3435","0.30596251318963874","0.30596251318963874","0.30596251318963874"
"284","3447","3447","3447","0.33363702130766504","0.33363702130766504","0.33363702130766504","3447","3447","3447","0.25297561197180163","0.25297561197180163","0.25297561197180163","3447","3447","3447","0.31936915067915","0.31936915067915","0.31936915067915"
"285","3459","3459","3459","0.3373265117512941","0.3373265117512941","0.3373265117512941","3459","3459","3459","0.2533163674943568","0.2533163674943568","0.2533163674943568","3459","3459","3459","0.31942663295214224","0.31942663295214224","0.31942663295214224"
"286","3471","3471","3471","0.3327527855815132","0.3327527855815132","0.3327527855815132","3471","3471","3471","0.2520169990694429","0.2520169990694429","0.2520169990694429","3471","3471","3471","0.3157242295529775","0.3157242295529775","0.3157242295529775"
"287","3483","3483","3483","0.33463599412413864","0.33463599412413864","0.33463599412413864","3483","3483","3483","0.2540765168224076","0.2540765168224076","0.2540765168224076","3483","3483","3483","0.3134717093677353","0.3134717093677353","0.3134717093677353"
"288","3495","3495","3495","0.3407580844132108","0.3407580844132108","0.3407580844132108","3495","3495","3495","0.25340223816691254","0.25340223816691254","0.25340223816691254","3495","3495","3495","0.3181246439225293","0.3181246439225293","0.3181246439225293"
"289","3508","3508","3508","0.33955482118718683","0.33955482118718683","0.33955482118718683","3508","3508","3508","0.25125503560265916","0.25125503560265916","0.25125503560265916","3508","3508","3508","0.3137714346795873","0.3137714346795873","0.3137714346795873"
"290","3520","3520","3520","0.33649656676519885","0.33649656676519885","0.33649656676519885","3520","3520","3520","0.2512625772513491","0.2512625772513491","0.2512625772513491","3520","3520","3520","0.316142434333896","0.316142434333896","0.316142434333896"
"291","3532","3532","3532","0.3349746336626901","0.3349746336626901","0.3349746336626901","3532","3532","3532","0.2524160353494845","0.2524160353494845","0.2524160353494845","3532","3532","3532","0.31754149384734476","0.31754149384734476","0.31754149384734476"
"292","3544","3544","3544","0.3364057945259121","0.3364057945259121","0.3364057945259121","3544","3544","3544","0.2529197869062599","0.2529197869062599","0.2529197869062599","3544","3544","3544","0.3172427416550727","0.3172427416550727","0.3172427416550727"
"293","3556","3556","3556","0.3432768722326884","0.3432768722326884","0.3432768722326884","3556","3556","3556","0.25129004379760356","0.25129004379760356","0.25129004379760356","3556","3556","3556","0.31371517626268647","0.31371517626268647","0.31371517626268647"
"294","3568","3568","3568","0.34181676706495767","0.34181676706495767","0.34181676706495767","3568","3568","3568","0.25231682480997414","0.25231682480997414","0.25231682480997414","3568","3568","3568","0.31705986542524894","0.31705986542524894","0.31705986542524894"
"295","3580","3580","3580","0.3404480423540125","0.3404480423540125","0.3404480423540125","3580","3580","3580","0.2536307910386372","0.2536307910386372","0.2536307910386372","3580","3580","3580","0.3163957042845885","0.3163957042845885","0.3163957042845885"
"296","3592","3592","3592","0.34173093699763274","0.34173093699763274","0.34173093699763274","3592","3592","3592","0.2524507204877216","0.2524507204877216","0.2524507204877216","3592","3592","3592","0.31686135937132076","0.31686135937132076","0.31686135937132076"
"297","3604","3604","3604","0.33924653468299776","0.33924653468299776","0.33924653468299776","3604","3604","3604","0.2515828138190529","0.2515828138190529","0.2515828138190529","3604","3604","3604","0.31814018842827524","0.31814018842827524","0.31814018842827524"
"298","3616","3616","3616","0.3408766463486801","0.3408766463486801","0.3408766463486801","3616","3616","3616","0.25153365977389286","0.25153365977389286","0.25153365977389286","3616","3616","3616","0.31808444229535154","0.31808444229535154","0.31808444229535154"
"299","3629","3629","3629","0.3437271276575181","0.3437271276575181","0.3437271276575181","3629","3629","3629","0.2530505431560105","0.2530505431560105","0.2530505431560105","3629","3629","3629","0.3206526674658356","0.3206526674658356","0.3206526674658356"