"epoch","yv5s-coco-zipf-loss-weights-tuned - _step","yv5s-coco-zipf-loss-weights-tuned - _step__MIN","yv5s-coco-zipf-loss-weights-tuned - _step__MAX","yv5s-coco-zipf-loss-weights-tuned - cls","yv5s-coco-zipf-loss-weights-tuned - cls__MIN","yv5s-coco-zipf-loss-weights-tuned - cls__MAX","yv5s-coco-zipf-loss-weights - _step","yv5s-coco-zipf-loss-weights - _step__MIN","yv5s-coco-zipf-loss-weights - _step__MAX","yv5s-coco-zipf-loss-weights - cls","yv5s-coco-zipf-loss-weights - cls__MIN","yv5s-coco-zipf-loss-weights - cls__MAX","yv5s-coco-zipf - _step","yv5s-coco-zipf - _step__MIN","yv5s-coco-zipf - _step__MAX","yv5s-coco-zipf - cls","yv5s-coco-zipf - cls__MIN","yv5s-coco-zipf - cls__MAX"
"0","5.5","1","10","0.042740961723029616","0.030227744951844215","0.057036954909563065","5.5","1","10","0.2548755779862404","0.21027657389640808","0.3669026494026184","5.5","1","10","0.05310296751558781","0.048843853175640106","0.061219893395900726"
"1","17.5","13","22","0.027196426503360273","0.02254055067896843","0.03593723103404045","17.5","13","22","0.2179226666688919","0.20514318346977234","0.2399129569530487","17.5","13","22","0.049636314064264296","0.048471007496118546","0.05122647434473038"
"2","29.5","25","34","0.022490028664469718","0.021531878039240837","0.023551596328616142","29.5","25","34","0.2094258651137352","0.20028696954250336","0.21566644310951233","29.5","25","34","0.04449993297457695","0.04054487869143486","0.04719196632504463"
"3","41.5","37","46","0.020392041094601153","0.01777443289756775","0.02315881848335266","41.5","37","46","0.1994831383228302","0.1809600293636322","0.21636329591274261","41.5","37","46","0.04062838889658451","0.03807659447193146","0.044188350439071655"
"4","53.5","49","58","0.018561760894954205","0.017867114394903183","0.020408490672707558","53.5","49","58","0.1822296902537346","0.17596355080604553","0.19488835334777832","53.5","49","58","0.03816460147500038","0.03650379925966263","0.04069976508617401"
"5","65.5","61","70","0.016851774603128433","0.015636686235666275","0.017892753705382347","65.5","61","70","0.17236420065164565","0.15534302592277527","0.17802904546260834","65.5","61","70","0.03591912761330605","0.033792149275541306","0.03828955441713333"
"6","77.5","73","82","0.015767255518585443","0.014167401008307934","0.017832327634096146","77.5","73","82","0.1590069279074669","0.1446218490600586","0.18510745465755463","77.5","73","82","0.0344977542757988","0.030664972960948944","0.037987321615219116"
"7","89.5","85","94","0.01480041816830635","0.013579661026597023","0.018255412578582764","89.5","85","94","0.15675725638866425","0.14115934073925018","0.1970658004283905","89.5","85","94","0.031852344237267974","0.029357071965932846","0.03500586748123169"
"8","101.5","97","106","0.014347249176353216","0.012585918419063091","0.01647282764315605","101.5","97","106","0.14920682460069656","0.13265621662139893","0.1724551022052765","101.5","97","106","0.030291900038719177","0.02743832767009735","0.03323597460985184"
"9","114","109","119","0.014149366539310326","0.011678116396069527","0.015918239951133728","114","109","119","0.15216568518768658","0.12673494219779968","0.17072147130966187","114","109","119","0.028711321848359974","0.022173969075083733","0.03255356475710869"
"10","126.5","122","131","0.013735049497336149","0.012696677818894386","0.01520928181707859","126.5","122","131","0.14597168266773225","0.13128027319908142","0.16293779015541077","126.5","122","131","0.03012634366750717","0.02756129950284958","0.032538264989852905"
"11","138.5","134","143","0.012606429494917392","0.011607496999204159","0.014914787374436855","138.5","134","143","0.1340718075633049","0.1261785328388214","0.16072845458984375","138.5","134","143","0.027470429427921772","0.025763647630810738","0.02955799177289009"
"12","150.5","146","155","0.012322474271059036","0.01046029757708311","0.013410738669335842","150.5","146","155","0.13514377176761627","0.11286577582359314","0.14941667020320892","150.5","146","155","0.02681294661015272","0.022392787039279938","0.028939243406057358"
"13","162.5","158","167","0.012051711603999139","0.010797858238220215","0.013911235146224499","162.5","158","167","0.13133654221892357","0.121383897960186","0.1428818553686142","162.5","158","167","0.026460751704871655","0.022608522325754166","0.029770417138934135"
"14","174.5","170","179","0.012271601241081953","0.010758294723927975","0.014236914925277233","174.5","170","179","0.13361244425177574","0.11863701790571213","0.1408260315656662","174.5","170","179","0.02644297797232866","0.023358967155218124","0.02929605543613434"
"15","186.5","182","191","0.011677435785531997","0.01086184661835432","0.013038861565291882","186.5","182","191","0.12461065351963044","0.11385414004325867","0.13490553200244904","186.5","182","191","0.026348676159977914","0.023272551596164703","0.029091574251651764"
"16","198.5","194","203","0.011692692711949348","0.00991775281727314","0.012898336164653301","198.5","194","203","0.12598913833498954","0.11457738280296326","0.1462353616952896","198.5","194","203","0.024994082003831863","0.02237587422132492","0.02715563029050827"
"17","210.5","206","215","0.011382387578487396","0.009853088296949863","0.012518106959760189","210.5","206","215","0.12672823742032052","0.11495166271924973","0.146746426820755","210.5","206","215","0.024560645595192908","0.02100287564098835","0.027720866724848747"
"18","222.5","218","227","0.011143000423908233","0.009187591262161732","0.0121756037697196","222.5","218","227","0.1216398037970066","0.10416059195995331","0.13508948683738708","222.5","218","227","0.024599236249923707","0.022125311195850372","0.02673211507499218"
"19","235","230","240","0.011053149080411955","0.008846635930240154","0.012751827947795391","235","230","240","0.12208974429152229","0.10666611790657043","0.13991764187812805","235","230","240","0.022509137337858028","0.018655547872185707","0.02509131096303463"
"20","247.5","243","252","0.01046860394999385","0.009819570928812027","0.011241229251027107","247.5","243","252","0.11430409178137779","0.11012844741344452","0.12353648245334625","247.5","243","252","0.02346362192183733","0.019980164244771004","0.028595704585313797"
"21","259.5","255","264","0.010843301098793745","0.009263095445930958","0.012581362389028072","259.5","255","264","0.12002458497881889","0.11004394292831421","0.1378846913576126","259.5","255","264","0.023614388704299927","0.02093963697552681","0.026892945170402527"
"22","271.5","267","276","0.010603911895304918","0.009721408598124981","0.011935430578887463","271.5","267","276","0.11356867626309394","0.09828327596187592","0.12170980125665665","271.5","267","276","0.023678209632635117","0.021030746400356293","0.027242790907621384"
"23","283.5","279","288","0.010083863977342844","0.00848119892179966","0.012561151757836342","283.5","279","288","0.1131708301603794","0.09383491426706314","0.13456371426582336","283.5","279","288","0.02263154536485672","0.020426636561751366","0.027738753706216812"
"24","295.5","291","300","0.010316934902220964","0.00914725475013256","0.012404118664562702","295.5","291","300","0.11372630670666695","0.09713996201753616","0.12829867005348206","295.5","291","300","0.02280568704009056","0.019547846168279648","0.024878934025764465"
"25","307.5","303","312","0.010184264555573464","0.009332671761512756","0.01274834480136633","307.5","303","312","0.10953471213579177","0.09768608212471008","0.12831328809261322","307.5","303","312","0.022868761233985423","0.019569845870137215","0.025056615471839905"
"26","319.5","315","324","0.00976613163948059","0.00798106286674738","0.011823587119579315","319.5","315","324","0.10724914446473122","0.091755710542202","0.12809772789478302","319.5","315","324","0.022083862870931625","0.01978907361626625","0.023661665618419647"
"27","331.5","327","336","0.009511402249336243","0.008300619199872017","0.010911301709711552","331.5","327","336","0.10674185752868652","0.0973740667104721","0.11640293151140213","331.5","327","336","0.02073144484311342","0.017548860982060432","0.023637061938643456"
"28","343.5","339","348","0.009758548345416784","0.00850054994225502","0.011675951071083546","343.5","339","348","0.10726648792624474","0.09211907535791397","0.1175505667924881","343.5","339","348","0.021436802111566067","0.01907283067703247","0.02347390726208687"
"29","356","351","361","0.010041538033295761","0.007898216135799885","0.012114336714148521","356","351","361","0.11132354695688594","0.08535837382078171","0.12949343025684357","356","351","361","0.022160284559835087","0.01877017319202423","0.026263130828738213"
"30","368.5","364","373","0.009670325461775065","0.008188338950276375","0.011883886530995369","368.5","364","373","0.10918806195259094","0.09846529364585876","0.13561561703681946","368.5","364","373","0.021260410733520984","0.019416261464357376","0.023896722123026848"
"31","380.5","376","385","0.009393625799566508","0.008125285618007183","0.010710158385336399","380.5","376","385","0.10167959555983544","0.0898965448141098","0.1115778237581253","380.5","376","385","0.020096260495483874","0.01655382476747036","0.022511407732963562"
"32","392.5","388","397","0.009091397933661937","0.0081704743206501","0.01006042305380106","392.5","388","397","0.09988237768411637","0.08366422355175018","0.11554015427827835","392.5","388","397","0.01971694193780422","0.017269523814320564","0.02315930835902691"
"33","404.5","400","409","0.008504885993897916","0.007854453288018703","0.009435752406716347","404.5","400","409","0.09662795588374137","0.08851899206638336","0.10556358098983765","404.5","400","409","0.019360100477933885","0.0169418603181839","0.02124645747244358"
"34","416.5","412","421","0.008811554219573737","0.007099336478859186","0.011358971707522869","416.5","412","421","0.09938873797655105","0.07586602121591568","0.12757471203804016","416.5","412","421","0.020924495719373225","0.019066350534558296","0.024531075730919838"
"35","428.5","424","433","0.008835978247225285","0.0074555762112140656","0.010761774145066738","428.5","424","433","0.09857983589172363","0.08160839974880219","0.12046997249126434","428.5","424","433","0.020284989662468434","0.016506366431713104","0.024716859683394432"
"36","440.5","436","445","0.009736694023013115","0.008416886441409588","0.011499106884002686","440.5","436","445","0.10365713015198708","0.09212324023246765","0.11740200966596603","440.5","436","445","0.019585942663252354","0.01791139878332615","0.022828929126262665"
"37","452.5","448","457","0.009104574657976627","0.008149826899170876","0.009741033427417278","452.5","448","457","0.10305104926228523","0.09361443668603897","0.12393953651189804","452.5","448","457","0.02012178022414446","0.019097380340099335","0.021852627396583557"
"38","464.5","460","469","0.009383693058043718","0.00783698633313179","0.010649584233760834","464.5","460","469","0.10333199873566627","0.0855410248041153","0.12279433012008667","464.5","460","469","0.019802615232765674","0.017724258825182915","0.02203264832496643"
"39","477","472","482","0.00862887662581422","0.007720552384853363","0.010740969330072403","477","472","482","0.09706653315912593","0.08228187263011932","0.11687757819890976","477","472","482","0.020436104217713528","0.015772990882396698","0.032267358154058456"
"40","489.5","485","494","0.008352559059858322","0.00767745403572917","0.009347810409963131","489.5","485","494","0.09353803843259811","0.08969169855117798","0.09921038895845413","489.5","485","494","0.01891697756946087","0.016091113910079002","0.02223014645278454"
"41","501.5","497","506","0.00856907144188881","0.007183104753494263","0.009157650172710419","501.5","497","506","0.09378793314099312","0.08539380878210068","0.10646985471248627","501.5","497","506","0.018379202298820018","0.01486174575984478","0.022074773907661438"
"42","513.5","509","518","0.008607508428394795","0.00694810226559639","0.00986231304705143","513.5","509","518","0.09294447153806687","0.07504047453403473","0.10580141097307205","513.5","509","518","0.01927601806819439","0.0164498258382082","0.02763952687382698"
"43","525.5","521","530","0.008363793231546878","0.0073838010430336","0.00998313631862402","525.5","521","530","0.0952123261988163","0.07825250178575516","0.10910604894161224","525.5","521","530","0.018688262812793253","0.015235789120197296","0.021422071382403374"
"44","537.5","533","542","0.008496539248153568","0.007458974607288837","0.009631291963160038","537.5","533","542","0.09382122755050659","0.08272448182106018","0.1031617671251297","537.5","533","542","0.018750549480319022","0.015514036640524864","0.02211129292845726"
"45","549.5","545","554","0.008218273008242249","0.006595639977604151","0.00990937277674675","549.5","545","554","0.0892886608839035","0.07808898389339447","0.10819492489099503","549.5","545","554","0.0195851506665349","0.017344864085316658","0.022513234987854958"
"46","561.5","557","566","0.008242683298885823","0.0073750982992351055","0.01035136729478836","561.5","557","566","0.09070781543850899","0.07683680951595306","0.10468833893537521","561.5","557","566","0.018835510313510894","0.014940103515982628","0.021643023937940598"
"47","573.5","569","578","0.00851344857364893","0.006527902092784643","0.00981922447681427","573.5","569","578","0.09480705410242081","0.08122014999389648","0.10365135222673416","573.5","569","578","0.01842925027012825","0.01535794511437416","0.022021308541297913"
"48","585.5","581","590","0.008461789507418872","0.0075142825953662395","0.009934202767908573","585.5","581","590","0.09224850162863732","0.07866290211677551","0.1017192155122757","585.5","581","590","0.018238739296793937","0.015628624707460403","0.020918648689985275"
"49","598","593","603","0.008670870087702166","0.00736108748242259","0.010320133529603481","598","593","603","0.09408207508650693","0.08082512021064758","0.10602189600467682","598","593","603","0.017931228842247616","0.014755245298147202","0.021571200340986252"
"50","610.5","606","615","0.008477197587490081","0.00745822349563241","0.010004338808357716","610.5","606","615","0.09300543069839477","0.07511377334594727","0.10780471563339233","610.5","606","615","0.017088273912668227","0.014023146592080593","0.022274816408753395"
"51","622.5","618","627","0.007812694134190678","0.006969615817070007","0.008523683063685894","622.5","618","627","0.08715236186981201","0.07143278419971466","0.1042311042547226","622.5","618","627","0.016917451191693543","0.01505548320710659","0.020948853343725204"
"52","634.5","630","639","0.008084050752222538","0.00652580801397562","0.00957505963742733","634.5","630","639","0.08855106979608536","0.07665112614631653","0.10617220401763916","634.5","630","639","0.016987145692110062","0.01433400996029377","0.01949384994804859"
"53","646.5","642","651","0.008554898714646698","0.00713895121589303","0.00923726987093687","646.5","642","651","0.09344441071152687","0.08013381063938141","0.1043943390250206","646.5","642","651","0.016960404254496096","0.013761589303612709","0.02099212259054184"
"54","658.5","654","663","0.008244023378938436","0.007265567313879728","0.00950950663536787","658.5","654","663","0.0888258010149002","0.07991144806146622","0.10204359143972397","658.5","654","663","0.016014667134732007","0.014074523001909256","0.018859561532735825"
"55","670.5","666","675","0.007763279788196087","0.006256298627704382","0.009569133631885052","670.5","666","675","0.08378329053521157","0.07214874029159546","0.09851181507110596","670.5","666","675","0.017096939403563736","0.01369331032037735","0.019843239337205887"
"56","682.5","678","687","0.008174124360084533","0.006257005035877228","0.009177935309708118","682.5","678","687","0.08757511302828788","0.07000382244586945","0.10055240988731384","682.5","678","687","0.017895061150193216","0.015796151012182236","0.020693901926279068"
"57","694.5","690","699","0.007716589700430631","0.006535706575959921","0.009038488380610943","694.5","690","699","0.08701843470335006","0.07369106262922287","0.10932629555463791","694.5","690","699","0.0168502701446414","0.015481434762477875","0.01912238821387291"
"58","706.5","702","711","0.007973447674885392","0.007036680821329355","0.009996511042118073","706.5","702","711","0.08701134920120239","0.07507132738828659","0.10398581624031067","706.5","702","711","0.017269000597298145","0.013947524130344391","0.02195737138390541"
"59","719","714","724","0.007460036823018031","0.006727637257426977","0.00817892886698246","719","714","724","0.07880805974656885","0.0695127546787262","0.09663987159729004","719","714","724","0.01662247551774437","0.01403110008686781","0.01895630732178688"
"60","731.5","727","736","0.007396859303116799","0.0063476599752902985","0.008447017520666122","731.5","727","736","0.0803071141242981","0.06873742491006851","0.0932869017124176","731.5","727","736","0.016610144823789596","0.014455482363700867","0.019486524164676666"
"61","743.5","739","748","0.007331843487918377","0.00585555424913764","0.009084425866603851","743.5","739","748","0.08118460401892662","0.06916876137256622","0.09733408689498901","743.5","739","748","0.016082751750946044","0.014180673286318779","0.018602948635816574"
"62","755.5","751","760","0.007217639358714223","0.0058432030491530895","0.008144409395754337","755.5","751","760","0.08284181281924248","0.06427556276321411","0.09541769325733185","755.5","751","760","0.016524458397179843","0.013443156145513058","0.019834663718938828"
"63","767.5","763","772","0.007815471244975924","0.00636343052610755","0.008987895213067532","767.5","763","772","0.08368840664625168","0.06539073586463928","0.09570331871509552","767.5","763","772","0.017142181843519212","0.012588027864694595","0.020292699337005615"
"64","779.5","775","784","0.00750135607086122","0.006368414498865604","0.008724823594093323","779.5","775","784","0.0825844019651413","0.06799033284187317","0.09366056323051453","779.5","775","784","0.016491422057151796","0.014300951734185219","0.0193770918995142"
"65","791.5","787","796","0.007497653039172292","0.006201573647558689","0.008751505054533482","791.5","787","796","0.08146060034632682","0.06848238408565521","0.09454979002475739","791.5","787","796","0.015577379241585731","0.013152768835425377","0.019499963149428368"
"66","803.5","799","808","0.0076131945941597225","0.006543491967022419","0.009283206425607204","803.5","799","808","0.08147954866290093","0.07062482833862305","0.09122909605503082","803.5","799","808","0.015480104926973581","0.012293968349695206","0.019019724801182747"
"67","815.5","811","820","0.00729750501923263","0.006090110633522272","0.008315321989357471","815.5","811","820","0.08357684314250946","0.0749833881855011","0.09321244060993195","815.5","811","820","0.015710325352847575","0.013175111263990402","0.017697669565677643"
"68","827.5","823","832","0.007556359702721238","0.00622864905744791","0.00829419493675232","827.5","823","832","0.08244160935282707","0.07226540893316269","0.09532642364501953","827.5","823","832","0.016166257206350565","0.012622245587408543","0.018117299303412437"
"69","840","835","845","0.006962953135371208","0.006277633365243673","0.00861890148371458","840","835","845","0.07577477463267067","0.06425459682941437","0.08512520790100098","840","835","845","0.01592115050351078","0.01282154954969883","0.018307313323020935"
"70","852.5","848","857","0.006760261999443173","0.005992543883621693","0.00764850527048111","852.5","848","857","0.07265830338001251","0.06382005661725998","0.08465662598609924","852.5","848","857","0.01621017837896943","0.013925614766776562","0.01868092641234398"
"71","864.5","860","869","0.007223884947597981","0.005702073685824871","0.008363332599401474","864.5","860","869","0.0804304376244545","0.0689249113202095","0.08919979631900787","864.5","860","869","0.014978466369211674","0.01310972310602665","0.018124651163816452"
"72","876.5","872","881","0.007172903651371599","0.006606892682611942","0.00801469013094902","876.5","872","881","0.07836037203669548","0.07139860838651657","0.0866604894399643","876.5","872","881","0.016057115420699118","0.013679389841854572","0.018284760415554047"
"73","888.5","884","893","0.007419555634260178","0.0061841197311878204","0.008748172782361507","888.5","884","893","0.08233589679002762","0.06522291153669357","0.09824222326278687","888.5","884","893","0.014798271376639605","0.012931346893310547","0.017684664577245712"
"74","900.5","896","905","0.007162662455812097","0.0056801713071763515","0.008362517692148685","900.5","896","905","0.07831670343875885","0.06826747208833694","0.08719219267368317","900.5","896","905","0.015379539038985968","0.01314322929829359","0.018482357263565063"
"75","912.5","908","917","0.006893397634848952","0.005632978864014149","0.00812075287103653","912.5","908","917","0.07625662609934807","0.06552310287952423","0.08805616199970245","912.5","908","917","0.014978311769664288","0.011514147743582726","0.017380502074956894"
"76","924.5","920","929","0.007674606144428253","0.006307277828454971","0.009241323918104172","924.5","920","929","0.08206596076488495","0.06917300075292587","0.10184235870838165","924.5","920","929","0.014835420250892638","0.012945367023348808","0.017278295010328293"
"77","936.5","932","941","0.006959625799208879","0.006181756500154734","0.008295834064483643","936.5","932","941","0.07339790239930152","0.05883941799402237","0.09810703992843628","936.5","932","941","0.015404116827994585","0.012781120836734772","0.01783769764006138"
"78","948.5","944","953","0.006927564041689038","0.0061855013482272625","0.008721310645341873","948.5","944","953","0.07731273099780082","0.06642685830593109","0.11149248480796814","948.5","944","953","0.01519560543820262","0.010788214392960072","0.017291322350502014"
"79","961","956","966","0.006791659673167901","0.0059334770776331425","0.007755907718092203","961","956","966","0.07663951069116592","0.0626964345574379","0.09448288381099701","961","956","966","0.015006476166573439","0.012747940607368946","0.017990298569202423"
"80","973.5","969","978","0.007210465939715504","0.006012659519910812","0.008510581217706203","973.5","969","978","0.07914718165993691","0.0630025789141655","0.09624285995960236","973.5","969","978","0.01442021606490016","0.011488080024719238","0.016760196536779404"
"81","985.5","981","990","0.007084740092977881","0.006017749197781086","0.008455988951027393","985.5","981","990","0.07698078006505966","0.06523167341947556","0.09028966724872589","985.5","981","990","0.014756815135478973","0.012681764550507069","0.017393987625837326"
"82","997.5","993","1002","0.006620521750301122","0.005517409648746252","0.007612503599375486","997.5","993","1002","0.07135563790798187","0.06439071893692017","0.08061505109071732","997.5","993","1002","0.015112047735601663","0.012851940467953682","0.01724398508667946"
"83","1009.5","1005","1014","0.007181652821600437","0.005850231274962425","0.007905072532594204","1009.5","1005","1014","0.07979641407728195","0.06732910126447678","0.08949514478445053","1009.5","1005","1014","0.014487298298627138","0.01258007436990738","0.016636153683066368"
"84","1021.5","1017","1026","0.006500421790406108","0.005414727609604597","0.007413832936435938","1021.5","1017","1026","0.06951246783137321","0.05584774911403656","0.07985367625951767","1021.5","1017","1026","0.014833158627152444","0.012452185153961182","0.017798468470573425"
"85","1033.5","1029","1038","0.006969266664236784","0.0060814800672233105","0.009108765982091427","1033.5","1029","1038","0.07783437967300415","0.06696590781211853","0.09361732006072998","1033.5","1029","1038","0.01470239032059908","0.013243609108030796","0.016169194132089615"
"86","1045.5","1041","1050","0.0064479634165763855","0.005483763292431831","0.007943202741444111","1045.5","1041","1050","0.06899025775492192","0.05741165950894356","0.08472862094640732","1045.5","1041","1050","0.01455993251875043","0.01276148110628128","0.017145611345767975"
"87","1057.5","1053","1062","0.006617023888975382","0.005480039864778519","0.007773467339575291","1057.5","1053","1062","0.07283841148018837","0.059227511286735535","0.08680564910173416","1057.5","1053","1062","0.014323264081031083","0.01199161447584629","0.016531096771359444"
"88","1069.5","1065","1074","0.0066754516214132305","0.005383515264838934","0.007723045535385609","1069.5","1065","1074","0.06766136102378369","0.061751630157232285","0.07467269152402878","1069.5","1065","1074","0.014807654917240143","0.01267564482986927","0.016484346240758896"
"89","1082","1077","1087","0.006855602587827228","0.005954274442046881","0.008205312304198742","1082","1077","1087","0.0717683346434073","0.06251387298107147","0.08620543777942657","1082","1077","1087","0.014802823351188139","0.01264885812997818","0.01768120564520359"
"90","1094.5","1090","1099","0.006251843832433224","0.005725407041609287","0.007157839369028807","1094.5","1090","1099","0.06961727514863014","0.06205011159181595","0.0793125256896019","1094.5","1090","1099","0.013887404929846525","0.011735392734408379","0.016621554270386696"
"91","1106.5","1102","1111","0.006739337462931871","0.005594357848167419","0.008019738830626011","1106.5","1102","1111","0.07111361920833588","0.059450663626194","0.08478392660617828","1106.5","1102","1111","0.013520082365721465","0.011687356047332287","0.01598510891199112"
"92","1118.5","1114","1123","0.006581698125228286","0.005635042674839497","0.00798661820590496","1118.5","1114","1123","0.07326360903680325","0.057556573301553726","0.0905422568321228","1118.5","1114","1123","0.014492573868483304","0.012322952970862389","0.01703118532896042"
"93","1130.5","1126","1135","0.00666246865876019","0.005106403958052397","0.007511941250413656","1130.5","1126","1135","0.0728286050260067","0.05891214311122894","0.09108404815196991","1130.5","1126","1135","0.013288222718983889","0.011548390612006187","0.015544900670647621"
"94","1142.5","1138","1147","0.006648985808715225","0.004988870117813349","0.00857881922274828","1142.5","1138","1147","0.07338482663035392","0.057222262024879456","0.08415039628744125","1142.5","1138","1147","0.013676510006189347","0.012275150045752525","0.016359642148017883"
"95","1154.5","1150","1159","0.006526315957307816","0.005344353150576353","0.007857047021389008","1154.5","1150","1159","0.07255991995334625","0.058593377470970154","0.08825962990522385","1154.5","1150","1159","0.013472325354814529","0.011330976150929928","0.01681249588727951"
"96","1166.5","1162","1171","0.006383204553276301","0.005525507032871246","0.007181538734585047","1166.5","1162","1171","0.06969301849603653","0.06536603718996048","0.07390110194683075","1166.5","1162","1171","0.013678562827408314","0.011050280183553696","0.016496993601322174"
"97","1178.5","1174","1183","0.006324721639975906","0.0054013910703361034","0.007572324015200138","1178.5","1174","1183","0.06739032492041588","0.054562948644161224","0.07993147522211075","1178.5","1174","1183","0.01365696182474494","0.011465238407254219","0.0164105836302042"
"98","1190.5","1186","1195","0.0066886048298329115","0.0053819227032363415","0.008107642643153667","1190.5","1186","1195","0.0741957351565361","0.059713445603847504","0.08845795691013336","1190.5","1186","1195","0.013839178346097469","0.010916450060904026","0.016628049314022064"
"99","1203","1198","1208","0.006599693453278054","0.003550747176632285","0.009452353231608868","1203","1198","1208","0.07196042585101994","0.053312018513679504","0.09385326504707336","1203","1198","1208","0.013769875111227686","0.011925076134502888","0.016866225749254227"
"100","1215.5","1211","1220","0.006330963876098395","0.00490961316972971","0.007430476136505604","1215.5","1211","1220","0.06718265190720558","0.05059840530157089","0.09175723791122437","1215.5","1211","1220","0.013329050410538912","0.009080538526177406","0.01643705926835537"
"101","1227.5","1223","1232","0.00613620257936418","0.004669755231589079","0.008121705614030361","1227.5","1223","1232","0.06361699737608432","0.053234003484249115","0.07503543049097061","1227.5","1223","1232","0.013109927158802747","0.011422615498304367","0.016469333320856094"
"102","1239.5","1235","1244","0.006468807300552726","0.005364619195461273","0.007452161516994238","1239.5","1235","1244","0.06924187839031219","0.06343260407447815","0.08427754789590836","1239.5","1235","1244","0.013404908217489719","0.010667781345546246","0.01595097780227661"
"103","1251.5","1247","1256","0.0061718957964330915","0.005313926842063665","0.008114947937428951","1251.5","1247","1256","0.06624905206263065","0.05749053135514259","0.07432188093662262","1251.5","1247","1256","0.013600616063922644","0.010862704366445541","0.01506844349205494"
"104","1263.5","1259","1268","0.006283961143344641","0.004539962857961655","0.00835336185991764","1263.5","1259","1268","0.0654968973249197","0.05374850332736969","0.08384016156196594","1263.5","1259","1268","0.01289392076432705","0.011850489303469658","0.014050299301743507"
"105","1275.5","1271","1280","0.005858252523466945","0.004707342945039272","0.006934330798685551","1275.5","1271","1280","0.06293252967298031","0.05380405858159065","0.07697083055973053","1275.5","1271","1280","0.013227126840502024","0.011948748491704464","0.015228165313601494"
"106","1287.5","1283","1292","0.006364002218469977","0.005862531252205372","0.0072948322631418705","1287.5","1283","1292","0.06781014204025268","0.060823578387498856","0.0770251601934433","1287.5","1283","1292","0.013488275930285454","0.010543091222643852","0.01680001989006996"
"107","1299.5","1295","1304","0.00596768637187779","0.004825594834983349","0.0076838331297039986","1299.5","1295","1304","0.0636143870651722","0.0525461845099926","0.08141696453094482","1299.5","1295","1304","0.01357436627149582","0.011614772491157055","0.01715860515832901"
"108","1311.5","1307","1316","0.005983019294217229","0.004584325011819601","0.007723442744463682","1311.5","1307","1316","0.0638267669826746","0.05442681908607483","0.07811357825994492","1311.5","1307","1316","0.01310037998482585","0.010513350367546082","0.015628276392817497"
"109","1324","1319","1329","0.005575592502612959","0.0048376754857599735","0.006617264356464148","1324","1319","1329","0.06029624424197457","0.04771706089377403","0.07103821635246277","1324","1319","1329","0.013219061222943392","0.010463748127222061","0.015963472425937653"
"110","1336.5","1332","1341","0.005745463725179434","0.004710971377789974","0.007001509424299002","1336.5","1332","1341","0.060828423500061034","0.04842497408390045","0.07011131197214127","1336.5","1332","1341","0.013795725721865892","0.01169547252357006","0.01694578491151333"
"111","1348.5","1344","1353","0.006157958414405584","0.005385649390518665","0.00696134427562356","1348.5","1344","1353","0.06451046913862228","0.05381305143237114","0.07618213444948196","1348.5","1344","1353","0.012209121882915498","0.01010238379240036","0.01391310803592205"
"112","1360.5","1356","1365","0.0063554317690432075","0.005096574313938618","0.007888777181506157","1360.5","1356","1365","0.06714746952056885","0.05617246776819229","0.08902819454669952","1360.5","1356","1365","0.012426771409809589","0.010594582185149193","0.01409856416285038"
"113","1372.5","1368","1377","0.005753486091271043","0.0041703092865645885","0.0074000172317028046","1372.5","1368","1377","0.060759666562080386","0.04770975559949875","0.07458135485649109","1372.5","1368","1377","0.012618776317685843","0.010895729064941406","0.015907887369394302"
"114","1384.5","1380","1389","0.005767641169950366","0.004833802115172148","0.00715843727812171","1384.5","1380","1389","0.06118562035262585","0.05330605059862137","0.07550030201673508","1384.5","1380","1389","0.01279238061979413","0.009916722774505615","0.014271915890276432"
"115","1396.5","1392","1401","0.005497490940615535","0.004854800179600716","0.006676909513771534","1396.5","1392","1401","0.059988345578312875","0.05069127678871155","0.07349418103694916","1396.5","1392","1401","0.013021774869412184","0.01079162023961544","0.015620255842804909"
"116","1408.5","1404","1413","0.005848888494074345","0.004711734596639872","0.0068039014004170895","1408.5","1404","1413","0.06289102733135224","0.05465658754110336","0.07722612470388412","1408.5","1404","1413","0.012566952966153622","0.010653440840542316","0.015615496784448624"
"117","1420.5","1416","1425","0.005874491389840841","0.004313056357204914","0.006741954479366541","1420.5","1416","1425","0.060445158183574675","0.04973266273736954","0.07340399920940399","1420.5","1416","1425","0.01210463847965002","0.010412747040390968","0.01594744436442852"
"118","1432.5","1428","1437","0.006163392541930079","0.005045648198574781","0.008704758249223232","1432.5","1428","1437","0.06225328966975212","0.049751512706279755","0.0726659819483757","1432.5","1428","1437","0.012000545486807823","0.008679482154548168","0.014145035296678543"
"119","1445","1440","1450","0.005852448584681208","0.004978121258318424","0.006857676897197962","1445","1440","1450","0.060026540674946526","0.0477602556347847","0.07244599610567093","1445","1440","1450","0.012469141236083075","0.01039090659469366","0.014370700344443321"
"120","1457.5","1453","1462","0.005493725137785077","0.004617734346538782","0.006539506372064352","1457.5","1453","1462","0.06052831262350082","0.05347083508968353","0.067414291203022","1457.5","1453","1462","0.012007705122232436","0.009708715602755547","0.013285582885146141"
"121","1469.5","1465","1474","0.0059986022301018235","0.0049423472955822945","0.00707255769520998","1469.5","1465","1474","0.06305234655737876","0.046631358563899994","0.07746537774801254","1469.5","1465","1474","0.012502747122198343","0.010764645412564278","0.015038898214697838"
"122","1481.5","1477","1486","0.00607530060224235","0.005625840276479721","0.0069334120489656925","1481.5","1477","1486","0.062234630435705186","0.05332866311073303","0.0688314288854599","1481.5","1477","1486","0.01222199285402894","0.009699800983071327","0.01466681994497776"
"123","1493.5","1489","1498","0.0059443092439323665","0.0051052989438176155","0.007048608269542456","1493.5","1489","1498","0.06368698887526988","0.05037417262792587","0.07782439887523651","1493.5","1489","1498","0.012303794734179974","0.011284863576292992","0.014532222412526608"
"124","1505.5","1501","1510","0.00555131328292191","0.004867661744356155","0.006252743303775787","1505.5","1501","1510","0.06182052455842495","0.05186498165130615","0.07444697618484497","1505.5","1501","1510","0.012160369381308555","0.01086900569498539","0.01319524273276329"
"125","1517.5","1513","1522","0.005909518757835031","0.0050306967459619045","0.007213460747152567","1517.5","1513","1522","0.06260743252933025","0.054018568247556686","0.0696713775396347","1517.5","1513","1522","0.012320870812982321","0.01080015767365694","0.014186311513185501"
"126","1529.5","1525","1534","0.005715026101097464","0.004737412557005882","0.00616033049300313","1529.5","1525","1534","0.05922197066247463","0.050363436341285706","0.07163605093955994","1529.5","1525","1534","0.011608959455043078","0.008686987683176994","0.01476135291159153"
"127","1541.5","1537","1546","0.005307460250332951","0.004203694872558117","0.006083452608436346","1541.5","1537","1546","0.05898522734642029","0.04999291151762009","0.07074225693941116","1541.5","1537","1546","0.01185548324137926","0.009950587525963783","0.015607718378305435"
"128","1553.5","1549","1558","0.0060334552079439165","0.0049904026091098785","0.007770691066980362","1553.5","1549","1558","0.06387478001415729","0.04687071219086647","0.07338026165962219","1553.5","1549","1558","0.011964047886431217","0.010274802334606647","0.015442664735019207"
"129","1566","1561","1571","0.005833014972846617","0.004573639947921038","0.006899169180542231","1566","1561","1571","0.057910266586325386","0.050241269171237946","0.0684104785323143","1566","1561","1571","0.013206095265393908","0.01095651276409626","0.015506785362958908"
"130","1578.5","1574","1583","0.005548165086656809","0.005012101028114557","0.006429805886000395","1578.5","1574","1583","0.056010511517524716","0.0488768108189106","0.06664608418941498","1578.5","1574","1583","0.011419811379164457","0.008657028898596764","0.013656316325068474"
"131","1590.5","1586","1595","0.005704136611893773","0.005111157428473234","0.006551477592438459","1590.5","1586","1595","0.05790318064391613","0.04929637908935547","0.06865593791007996","1590.5","1586","1595","0.01188555546104908","0.010336123406887054","0.01439744047820568"
"132","1602.5","1598","1607","0.005485428310930729","0.004614683333784342","0.006495061796158552","1602.5","1598","1607","0.056292520463466646","0.04761374741792679","0.06242220848798752","1602.5","1598","1607","0.011681034043431283","0.00930805504322052","0.013299353420734406"
"133","1614.5","1610","1619","0.005610225908458233","0.004757707007229328","0.0062774657271802425","1614.5","1610","1619","0.05925034880638123","0.04941551387310028","0.06637215614318848","1614.5","1610","1619","0.01082413773983717","0.008441108278930187","0.012637915089726448"
"134","1626.5","1622","1631","0.005535519914701581","0.004627804271876812","0.006877040024846792","1626.5","1622","1631","0.05687392987310887","0.04802278056740761","0.06806957721710205","1626.5","1622","1631","0.011377087887376547","0.009535251185297966","0.01277194544672966"
"135","1638.5","1634","1643","0.005176883190870285","0.004425266291946173","0.006306003779172897","1638.5","1634","1643","0.05622309073805809","0.04757126793265343","0.06808426231145859","1638.5","1634","1643","0.012304761912673712","0.010881230235099792","0.014890073798596859"
"136","1650.5","1646","1655","0.005565386218950153","0.004479211755096912","0.006381332874298096","1650.5","1646","1655","0.05825046375393868","0.04578622058033943","0.0748428925871849","1650.5","1646","1655","0.011783153470605611","0.010783893056213856","0.013656563125550747"
"137","1662.5","1658","1667","0.0056682588066905735","0.004717014729976654","0.007349702995270491","1662.5","1658","1667","0.05649387389421463","0.04624056816101074","0.06825747340917587","1662.5","1658","1667","0.011421752255409956","0.009030718356370926","0.01421908289194107"
"138","1674.5","1670","1679","0.004915111325681209","0.004234659019857645","0.006312164012342691","1674.5","1670","1679","0.05030931755900383","0.03919222578406334","0.07891029119491577","1674.5","1670","1679","0.011787193734198809","0.00944044440984726","0.013979081064462662"
"139","1687","1682","1692","0.005433064589107578","0.0040328167378902435","0.007058171089738607","1687","1682","1692","0.057822530242529785","0.04478393495082855","0.0840858519077301","1687","1682","1692","0.011750606735321608","0.010395128279924393","0.013039499521255493"
"140","1699.5","1695","1704","0.005530717503279448","0.004458464682102203","0.006363546941429377","1699.5","1695","1704","0.05858733244240284","0.04343698173761368","0.06849483400583267","1699.5","1695","1704","0.011650248151272535","0.009731171652674675","0.013924936763942242"
"141","1711.5","1707","1716","0.0052866868674755095","0.004670929629355669","0.007308752741664648","1711.5","1707","1716","0.055215589702129364","0.049449775367975235","0.061625998467206955","1711.5","1707","1716","0.011359871551394462","0.009266871027648449","0.013978568837046623"
"142","1723.5","1719","1728","0.005779858725145459","0.004747363273054361","0.006494137924164534","1723.5","1719","1728","0.059434985369443895","0.04697774723172188","0.07150675356388092","1723.5","1719","1728","0.010595440492033958","0.009117662906646729","0.012323679402470589"
"143","1735.5","1731","1740","0.005727933812886476","0.0048906030133366585","0.006367367692291737","1735.5","1731","1740","0.058010862395167354","0.04594873636960983","0.06990203261375427","1735.5","1731","1740","0.011201219260692596","0.008983602747321129","0.014522295445203781"
"144","1747.5","1743","1752","0.005386475380510092","0.004618926905095577","0.0068158358335494995","1747.5","1743","1752","0.05642611607909202","0.04618246853351593","0.07321204245090485","1747.5","1743","1752","0.010682746488600969","0.008308954536914825","0.01241302490234375"
"145","1759.5","1755","1764","0.00507694436237216","0.004010651260614395","0.0059767430648207664","1759.5","1755","1764","0.05660809464752674","0.04625626653432846","0.06583568453788757","1759.5","1755","1764","0.011331273522228003","0.009699437767267227","0.012757519260048866"
"146","1771.5","1767","1776","0.005117690563201905","0.00438826996833086","0.006281380541622639","1771.5","1767","1776","0.051948238536715506","0.04371200501918793","0.06395430117845535","1771.5","1767","1776","0.01088048592209816","0.009109247475862503","0.01453271321952343"
"147","1783.5","1779","1788","0.005330944899469614","0.004620574414730072","0.006798837333917618","1783.5","1779","1788","0.05458693727850914","0.04783416539430618","0.06746572256088257","1783.5","1779","1788","0.011309609841555357","0.008463757112622261","0.01350388117134571"
"148","1795.5","1791","1800","0.005237806867808103","0.00429931003600359","0.006180074531584978","1795.5","1791","1800","0.05431537330150604","0.04367233067750931","0.06898297369480133","1795.5","1791","1800","0.010778631363064051","0.009220537729561329","0.013193784281611443"
"149","1808","1803","1813","0.00506209131245586","0.0038165783043950796","0.0063531058840453625","1808","1803","1813","0.053240724923935806","0.03963926434516907","0.0660613477230072","1808","1803","1813","0.01109817632558671","0.009873662143945694","0.012985145673155785"
"150","1820.5","1816","1825","0.0052545170299708845","0.004431575071066618","0.0065062763169407845","1820.5","1816","1825","0.05295850969851017","0.041977398097515106","0.06336641311645508","1820.5","1816","1825","0.011084217485040427","0.008940698578953743","0.012484513223171234"
"151","1832.5","1828","1837","0.0049572619143873455","0.003972713835537434","0.006084367632865906","1832.5","1828","1837","0.052981645241379736","0.04428999871015549","0.0626855343580246","1832.5","1828","1837","0.011193944979459048","0.009068900719285011","0.012680389918386936"
"152","1844.5","1840","1849","0.005096566863358021","0.004372833762317896","0.005658198148012161","1844.5","1840","1849","0.05397003255784512","0.044599249958992004","0.061375297605991364","1844.5","1840","1849","0.01049740593880415","0.007781997323036194","0.01242903247475624"
"153","1856.5","1852","1861","0.005113619426265359","0.0040708668529987335","0.0061747538857162","1856.5","1852","1861","0.051827216148376466","0.04340314492583275","0.06067628413438797","1856.5","1852","1861","0.01180163724347949","0.009609163738787174","0.01425259280949831"
"154","1868.5","1864","1873","0.004605730064213276","0.004073708783835173","0.0050383443012833595","1868.5","1864","1873","0.05131833516061306","0.04445894807577133","0.06151372939348221","1868.5","1864","1873","0.010026285890489817","0.008187804371118546","0.012865890748798847"
"155","1880.5","1876","1885","0.005037030577659607","0.004314493853598833","0.0061860778369009495","1880.5","1876","1885","0.05110444277524948","0.04219236597418785","0.05731310695409775","1880.5","1876","1885","0.01104711415246129","0.00935052614659071","0.013674721121788025"
"156","1892.5","1888","1897","0.004803274176083505","0.0037206404376775026","0.006188420578837395","1892.5","1888","1897","0.050178596004843715","0.037688445299863815","0.06468182802200317","1892.5","1888","1897","0.010780795011669397","0.008499305695295334","0.012743955478072166"
"157","1904.5","1900","1909","0.004933278262615204","0.003909409046173096","0.005913388915359974","1904.5","1900","1909","0.05161629468202591","0.04005039855837822","0.06295199692249298","1904.5","1900","1909","0.011008396372199058","0.008791236206889153","0.013253387063741684"
"158","1916.5","1912","1921","0.005003445781767368","0.004160871263593435","0.006206403020769358","1916.5","1912","1921","0.049753709137439726","0.040746189653873444","0.0573263019323349","1916.5","1912","1921","0.010135615337640047","0.00865069031715393","0.011913713999092579"
"159","1929","1924","1934","0.0049440277825025","0.004373008385300636","0.005766996182501316","1929","1924","1934","0.051338077946142716","0.034254711121320724","0.06338026374578476","1929","1924","1934","0.010793289762328972","0.00866582803428173","0.012937682680785656"
"160","1941.5","1937","1946","0.0052187788300216194","0.004438561387360096","0.00636832881718874","1941.5","1937","1946","0.05554659701883793","0.0452345535159111","0.06808381527662277","1941.5","1937","1946","0.01039886698126793","0.008757736533880234","0.011724986135959625"
"161","1953.5","1949","1958","0.005052295560017228","0.004282044712454081","0.006121546030044556","1953.5","1949","1958","0.05248394198715687","0.04456137865781784","0.06372328102588654","1953.5","1949","1958","0.01047224160283804","0.006947211921215057","0.012543169781565666"
"162","1965.5","1961","1970","0.004811926232650876","0.004140175879001617","0.0056214709766209126","1965.5","1961","1970","0.04974674172699452","0.04250047355890274","0.058386076241731644","1965.5","1961","1970","0.009773549064993859","0.008660350926220417","0.011754190549254417"
"163","1977.5","1973","1982","0.0049517698585987095","0.004367259796708822","0.006016457919031382","1977.5","1973","1982","0.05051467232406139","0.039334990084171295","0.06595123559236526","1977.5","1973","1982","0.010344290547072888","0.008887085132300854","0.011781327426433563"
"164","1989.5","1985","1994","0.004929571226239204","0.00405509676784277","0.005815580952912569","1989.5","1985","1994","0.05279455780982971","0.040022023022174835","0.06479500234127045","1989.5","1985","1994","0.009867526032030583","0.008114030584692955","0.013660162687301636"
"165","2001.5","1997","2006","0.004567970032803714","0.0036998481955379248","0.005255152937024832","2001.5","1997","2006","0.048661331087350844","0.04298849403858185","0.05738065391778946","2001.5","1997","2006","0.010172539949417114","0.008402194827795029","0.011631094850599766"
"166","2013.5","2009","2018","0.004946030490100384","0.004033166915178299","0.006095270160585642","2013.5","2009","2018","0.04989775381982327","0.03747236728668213","0.06622528284788132","2013.5","2009","2018","0.010365692246705294","0.007996980100870132","0.012932267040014267"
"167","2025.5","2021","2030","0.004406174086034298","0.003475673496723175","0.005196120589971542","2025.5","2021","2030","0.04633401520550251","0.03700825572013855","0.058106936514377594","2025.5","2021","2030","0.00986573863774538","0.008670459501445293","0.010952620767056942"
"168","2037.5","2033","2042","0.004893250111490488","0.003330191597342491","0.005960372276604176","2037.5","2033","2042","0.05044356249272823","0.03862413763999939","0.06506235897541046","2037.5","2033","2042","0.009466731641441583","0.0073047056794166565","0.012552862986922264"
"169","2050","2045","2055","0.004504893673583865","0.0038471834268420935","0.005944378674030304","2050","2045","2055","0.04482432725754651","0.03607640042901039","0.053596414625644684","2050","2045","2055","0.009921217167919332","0.007556859403848648","0.011497984640300274"
"170","2062.5","2058","2067","0.00515267220325768","0.0046335989609360695","0.006104377564042807","2062.5","2058","2067","0.05071850754320621","0.04303645342588425","0.06078190356492996","2062.5","2058","2067","0.009932564571499825","0.008103357627987862","0.011344154365360737"
"171","2074.5","2070","2079","0.0050982173532247545","0.003884619567543268","0.006712596397846937","2074.5","2070","2079","0.04821849651634693","0.040586553514003754","0.05998189002275467","2074.5","2070","2079","0.009261232614517213","0.007834152318537235","0.011211688630282879"
"172","2086.5","2082","2091","0.004521332401782274","0.0038777743466198444","0.005383519921451807","2086.5","2082","2091","0.04467175267636776","0.039929017424583435","0.05178955942392349","2086.5","2082","2091","0.010447513032704591","0.008022855967283249","0.013487201184034348"
"173","2098.5","2094","2103","0.004756166506558657","0.003928211983293295","0.005341663956642151","2098.5","2094","2103","0.047835163027048114","0.04043890908360481","0.053887806832790375","2098.5","2094","2103","0.00943422019481659","0.008340067230165005","0.010275809094309807"
"174","2110.5","2106","2115","0.004852412408217788","0.004197126254439354","0.006115778815001249","2110.5","2106","2115","0.05146317929029465","0.039430052042007446","0.07923862338066101","2110.5","2106","2115","0.009216658677905798","0.008562976494431496","0.010305585339665413"
"175","2122.5","2118","2127","0.004487796546891331","0.0036889032926410437","0.006097576580941677","2122.5","2118","2127","0.046156718581914905","0.03722773492336273","0.05797670781612396","2122.5","2118","2127","0.009945409558713435","0.0077025629580020905","0.011974606662988663"
"176","2134.5","2130","2139","0.005021560285240412","0.004210851155221462","0.005863191094249487","2134.5","2130","2139","0.049853043630719185","0.04289380460977554","0.0616803914308548","2134.5","2130","2139","0.00892104096710682","0.006384021602571011","0.010966755449771881"
"177","2146.5","2142","2151","0.004457337269559503","0.0037857741117477417","0.0052197896875441074","2146.5","2142","2151","0.04240129701793194","0.03220066428184509","0.04860219359397888","2146.5","2142","2151","0.009598440583795309","0.006445462815463543","0.011409120634198189"
"178","2158.5","2154","2163","0.0047089936910197135","0.003644157899543643","0.0054151141084730625","2158.5","2154","2163","0.05112011320888996","0.04219456762075424","0.06042199209332466","2158.5","2154","2163","0.009548164810985327","0.0067419568076729774","0.011477787047624588"
"179","2171","2166","2176","0.004795160419730978","0.003753629745915532","0.006262092385441065","2171","2166","2176","0.04764477129686962","0.03382086008787155","0.06063161417841911","2171","2166","2176","0.009998541536994955","0.007187070325016975","0.012436567805707455"
"180","2183.5","2179","2188","0.004909270931966603","0.003481528488919139","0.006045105401426554","2183.5","2179","2188","0.0514565210789442","0.03873545676469803","0.06541334092617035","2183.5","2179","2188","0.00946188447996974","0.007504560053348541","0.011904345825314522"
"181","2195.5","2191","2200","0.004360589454881847","0.0034546309616416693","0.005059470888227224","2195.5","2191","2200","0.043279115483164786","0.03270191699266434","0.05214490741491318","2195.5","2191","2200","0.009285619016736746","0.007096433080732822","0.01146634854376316"
"182","2207.5","2203","2212","0.00466118126641959","0.0038136213552206755","0.00519409729167819","2207.5","2203","2212","0.044557501748204234","0.03768864646553993","0.04845995455980301","2207.5","2203","2212","0.00923307416960597","0.007868173532187939","0.010437464341521263"
"183","2219.5","2215","2224","0.004525736696086824","0.0038342659827321768","0.005837062373757362","2219.5","2215","2224","0.0445621557533741","0.03663467615842819","0.05973052233457565","2219.5","2215","2224","0.00965405972674489","0.0062948474660515785","0.012317948043346405"
"184","2231.5","2227","2236","0.004401075281202793","0.003649970283731818","0.005196115933358669","2231.5","2227","2236","0.04531196169555187","0.03732689842581749","0.06113175302743912","2231.5","2227","2236","0.00938928327523172","0.006564128678292036","0.010658773593604565"
"185","2243.5","2239","2248","0.004703529039397835","0.0036294464953243732","0.005716228391975164","2243.5","2239","2248","0.04730918183922768","0.04037224501371384","0.05509026348590851","2243.5","2239","2248","0.009815079532563687","0.008292733691632748","0.011454993858933449"
"186","2255.5","2251","2260","0.004476300347596407","0.0036863484419882298","0.005741930101066828","2255.5","2251","2260","0.046624229103326795","0.03808340057730675","0.053459130227565765","2255.5","2251","2260","0.009379459451884032","0.007597129791975021","0.011085884645581245"
"187","2267.5","2263","2272","0.004516800935380161","0.003738444996997714","0.005455303937196732","2267.5","2263","2272","0.041858033090829846","0.035646162927150726","0.04803656414151192","2267.5","2263","2272","0.009130668407306076","0.006936969701200724","0.012463643215596676"
"188","2279.5","2275","2284","0.00425983527675271","0.003804872278124094","0.0049119251780211926","2279.5","2275","2284","0.04187765158712864","0.03754342347383499","0.049133624881505966","2279.5","2275","2284","0.008907100651413202","0.007753542624413967","0.011436866596341133"
"189","2292","2287","2297","0.004465490135110237","0.003648762358352542","0.005565059836953878","2292","2287","2297","0.04415075819600712","0.03408656269311905","0.06160461902618408","2292","2287","2297","0.009415663736449047","0.007286394480615854","0.013062810525298119"
"190","2304.5","2300","2309","0.0045353387715294955","0.0038851674180477858","0.005879352334886789","2304.5","2300","2309","0.04682729542255402","0.041195422410964966","0.057572610676288605","2304.5","2300","2309","0.009207292832434178","0.0072679417207837105","0.010739753022789955"
"191","2316.5","2312","2321","0.004352658707648516","0.0035454274620860815","0.00515072513371706","2316.5","2312","2321","0.04697730578482151","0.03665938228368759","0.05689860135316849","2316.5","2312","2321","0.009561698231846095","0.008136307820677757","0.011309793218970299"
"192","2328.5","2324","2333","0.004641765961423516","0.0036262832581996918","0.0067573352716863155","2328.5","2324","2333","0.04402670711278915","0.034511499106884","0.05989472195506096","2328.5","2324","2333","0.0095586359500885","0.008354847319424152","0.012072425335645676"
"193","2340.5","2336","2345","0.004126483388245106","0.003631985280662775","0.005124569404870272","2340.5","2336","2345","0.04307538643479347","0.030556514859199524","0.0614372119307518","2340.5","2336","2345","0.008524838788434862","0.006101504433900118","0.01081955898553133"
"194","2352.5","2348","2357","0.0043261548737064","0.003197289304807782","0.0055001708678901196","2352.5","2348","2357","0.04243282452225685","0.0311419740319252","0.051172204315662384","2352.5","2348","2357","0.009415964176878334","0.007520127110183239","0.011782543733716011"
"195","2364.5","2360","2369","0.004318469087593257","0.0037381486035883427","0.004877399653196335","2364.5","2360","2369","0.042126348987221715","0.03635910525918007","0.04800186678767204","2364.5","2360","2369","0.009037663461640477","0.0077525717206299305","0.011733237653970718"
"196","2376.5","2372","2381","0.00411009865347296","0.0032438281923532486","0.005077995825558901","2376.5","2372","2381","0.04163450188934803","0.031558603048324585","0.0534319169819355","2376.5","2372","2381","0.009265214717015625","0.007589369546622038","0.010503152385354042"
"197","2388.5","2384","2393","0.004352454794570804","0.003720224369317293","0.005183454602956772","2388.5","2384","2393","0.044720059633255003","0.03579387813806534","0.0549786314368248","2388.5","2384","2393","0.008508598897606134","0.006460449658334255","0.01015990786254406"
"198","2400.5","2396","2405","0.004419560777023435","0.0033971425145864487","0.005804638843983412","2400.5","2396","2405","0.041327090561389924","0.033609453588724136","0.049637120217084885","2400.5","2396","2405","0.008714423375204205","0.006156081799417734","0.011197494342923164"
"199","2413","2408","2418","0.0042562441985038195","0.003131075296550989","0.006131296511739492","2413","2408","2418","0.043687470934607765","0.032118506729602814","0.06227659434080124","2413","2408","2418","0.008958532559600744","0.007998606190085411","0.010299698449671268"
"200","2425.5","2421","2430","0.004197201831266284","0.003614990506321192","0.005841100588440895","2425.5","2421","2430","0.0419953927397728","0.03418348729610443","0.0556439533829689","2425.5","2421","2430","0.008202802808955311","0.007514164783060551","0.00924487691372633"
"201","2437.5","2433","2442","0.0038884449750185013","0.0031227469444274902","0.004397254437208176","2437.5","2433","2442","0.041045015677809715","0.03200715035200119","0.05552610754966736","2437.5","2433","2442","0.008770029712468385","0.005806592293083668","0.01096978411078453"
"202","2449.5","2445","2454","0.0042668421985581515","0.0037508048117160797","0.005279005970805883","2449.5","2445","2454","0.042375006899237636","0.03162677213549614","0.049155980348587036","2449.5","2445","2454","0.008867538906633854","0.00748338270932436","0.0107905687764287"
"203","2461.5","2457","2466","0.004071392281912267","0.003290400607511401","0.004845630377531052","2461.5","2457","2466","0.04137422032654285","0.03550407290458679","0.051583144813776016","2461.5","2457","2466","0.008369239512830973","0.006385747343301773","0.009273380041122437"
"204","2473.5","2469","2478","0.004003167501650751","0.003479326143860817","0.004720339551568031","2473.5","2469","2478","0.038212022930383685","0.0300605371594429","0.04470531642436981","2473.5","2469","2478","0.008780919574201107","0.007158799096941948","0.010204719379544258"
"205","2485.5","2481","2490","0.004502673610113561","0.0036833875346928835","0.00529472716152668","2485.5","2481","2490","0.04552227295935154","0.036163996905088425","0.05444668233394623","2485.5","2481","2490","0.008129106368869543","0.006720338948071003","0.009758537635207176"
"206","2497.5","2493","2502","0.004326689662411809","0.0035149806644767523","0.00538345193490386","2497.5","2493","2502","0.041714321449398996","0.03884804993867874","0.049114637076854706","2497.5","2493","2502","0.007161217555403709","0.005427449941635132","0.008694908581674099"
"207","2509.5","2505","2514","0.004073916398920119","0.002939387923106551","0.005393688101321459","2509.5","2505","2514","0.04315751343965531","0.033166028559207916","0.05988408625125885","2509.5","2505","2514","0.008566927397623658","0.007383124437183142","0.009536788798868656"
"208","2521.5","2517","2526","0.004602880077436566","0.0033241123892366886","0.006094514857977629","2521.5","2517","2526","0.04160415306687355","0.032345645129680634","0.05258314311504364","2521.5","2517","2526","0.008258388284593821","0.006881110370159149","0.009687710553407669"
"209","2534","2529","2539","0.004087641433050687","0.003230588510632515","0.005232551600784063","2534","2529","2539","0.0405854464254596","0.03456224501132965","0.04745975881814957","2534","2529","2539","0.008156654001636938","0.006371405906975269","0.010773338377475739"
"210","2546.5","2542","2551","0.004093914665281773","0.0033783966209739447","0.005285977851599455","2546.5","2542","2551","0.0425948478281498","0.03191876411437988","0.05233392119407654","2546.5","2542","2551","0.008487177873030305","0.007036461494863033","0.009884119965136051"
"211","2558.5","2554","2563","0.00398339000530541","0.003065527183935046","0.004695012699812651","2558.5","2554","2563","0.039454993605613706","0.033023200929164886","0.04545287787914276","2558.5","2554","2563","0.008082208829000593","0.006215359549969435","0.009813361801207066"
"212","2570.5","2566","2575","0.004043062683194876","0.002830738201737404","0.004895609803497791","2570.5","2566","2575","0.03934785425662994","0.031547389924526215","0.04643808305263519","2570.5","2566","2575","0.007807449577376247","0.006465942598879337","0.009603681042790413"
"213","2582.5","2578","2587","0.004165791510604322","0.0034239001106470823","0.005072863306850195","2582.5","2578","2587","0.04137322269380093","0.03317953273653984","0.04935221001505852","2582.5","2578","2587","0.007829847652465105","0.0064650895074009895","0.009129933081567287"
"214","2594.5","2590","2599","0.003827308816835284","0.0031008627265691757","0.004153212532401085","2594.5","2590","2599","0.03810096643865109","0.029759813100099564","0.04888029396533966","2594.5","2590","2599","0.007975381007418037","0.006507638841867447","0.009843291714787483"
"215","2606.5","2602","2611","0.004221363691613078","0.003347786609083414","0.004796487744897604","2606.5","2602","2611","0.04323286823928356","0.030599016696214676","0.055162589997053146","2606.5","2602","2611","0.007954066013917327","0.005872377194464207","0.011135605163872242"
"216","2618.5","2614","2623","0.0039244125131517645","0.0030442075803875923","0.005018039606511593","2618.5","2614","2623","0.03834918197244406","0.030775388702750206","0.052030112594366074","2618.5","2614","2623","0.007881282269954682","0.006518570706248283","0.010694327764213085"
"217","2630.5","2626","2635","0.0035406783455982803","0.003043149830773473","0.004358840174973011","2630.5","2626","2635","0.03503729999065399","0.02981416881084442","0.041934967041015625","2630.5","2626","2635","0.007883981056511401","0.005942979361861944","0.010027727112174034"
"218","2642.5","2638","2647","0.004116123565472663","0.003569055115804076","0.004809207748621702","2642.5","2638","2647","0.03923052623867988","0.03226044774055481","0.050843819975852966","2642.5","2638","2647","0.008448832109570504","0.0065820487216115","0.01021391712129116"
"219","2655","2650","2660","0.003968096401711757","0.0032073226757347584","0.005383844953030348","2655","2650","2660","0.03894126347520135","0.03068523108959198","0.04822267219424248","2655","2650","2660","0.009174358269030397","0.006228774320334196","0.011131541803479195"
"220","2667.5","2663","2672","0.0037750596180558204","0.0032878851052373648","0.0044066342525184155","2667.5","2663","2672","0.03774626106023789","0.031321678310632706","0.046588048338890076","2667.5","2663","2672","0.008015398681163789","0.006820248439908028","0.008843251504004002"
"221","2679.5","2675","2684","0.0038093284238129854","0.0029421753715723753","0.0048867263831198215","2679.5","2675","2684","0.03725745882838964","0.02653992921113968","0.05719892308115959","2679.5","2675","2684","0.007335867453366518","0.005719509907066822","0.00875298772007227"
"222","2691.5","2687","2696","0.0037582324352115394","0.0027510798536241055","0.0052131242118775845","2691.5","2687","2696","0.03632311504334211","0.027344442903995514","0.06245873495936394","2691.5","2687","2696","0.008429720345884562","0.007250268943607807","0.010426545515656471"
"223","2703.5","2699","2708","0.0038450134685263037","0.003219298319891095","0.00521751819178462","2703.5","2699","2708","0.03692345172166824","0.027165059000253677","0.05310452729463577","2703.5","2699","2708","0.007925422955304384","0.006394415628165007","0.010146794840693474"
"224","2715.5","2711","2720","0.003825025400146842","0.0027284331154078245","0.005074750166386366","2715.5","2711","2720","0.037509255856275556","0.03150899335741997","0.05331926420331001","2715.5","2711","2720","0.008132329443469644","0.006325121968984604","0.011538341641426086"
"225","2727.5","2723","2732","0.003491477086208761","0.0029073315672576427","0.004449477884918451","2727.5","2723","2732","0.033946247026324275","0.030434027314186096","0.040834940969944","2727.5","2723","2732","0.0072995837777853016","0.005304189398884773","0.008559543639421463"
"226","2739.5","2735","2744","0.0036280097905546428","0.0030877364333719015","0.004825906362384558","2739.5","2735","2744","0.03725696280598641","0.024704379960894585","0.05246233940124512","2739.5","2735","2744","0.008308822428807617","0.005729626398533583","0.010316947475075722"
"227","2751.5","2747","2756","0.003655744856223464","0.002831295831128955","0.0043631955049932","2751.5","2747","2756","0.03449289351701736","0.029597114771604538","0.04401453956961632","2751.5","2747","2756","0.007878710748627782","0.005492018070071936","0.009447010233998299"
"228","2763.5","2759","2768","0.0037238711258396505","0.0031012718100100756","0.004388565197587013","2763.5","2759","2768","0.03632266130298376","0.026800459250807762","0.052517302334308624","2763.5","2759","2768","0.007480803178623319","0.00607785489410162","0.009981488808989525"
"229","2776","2771","2781","0.0037928379606455564","0.003169449046254158","0.005355952773243189","2776","2771","2781","0.0366307178681547","0.03113575279712677","0.04487898573279381","2776","2771","2781","0.007468618791211735","0.004136170260608196","0.00946210790425539"
"230","2788.5","2784","2793","0.003693328215740621","0.003201933577656746","0.004371986724436283","2788.5","2784","2793","0.034746498055756095","0.02877153642475605","0.042900536209344864","2788.5","2784","2793","0.007731364434584975","0.0052462974563241005","0.009288642555475235"
"231","2800.5","2796","2805","0.003663590201176703","0.0031811892986297607","0.004127015825361013","2800.5","2796","2805","0.037101104483008386","0.028511129319667816","0.04840803146362305","2800.5","2796","2805","0.007564224349334836","0.00573517382144928","0.009153630584478378"
"232","2812.5","2808","2817","0.0035609559156000612","0.0027462856378406286","0.0044298055581748486","2812.5","2808","2817","0.03414526283740997","0.024128206074237823","0.039175741374492645","2812.5","2808","2817","0.006760522443801165","0.005508230067789555","0.00924469530582428"
"233","2824.5","2820","2829","0.003571154084056616","0.002761421725153923","0.004327275790274143","2824.5","2820","2829","0.03441550694406033","0.02599853277206421","0.0433744452893734","2824.5","2820","2829","0.007062254892662168","0.004868255462497473","0.009558873251080513"
"234","2836.5","2832","2841","0.0034173944033682345","0.0030511971563100815","0.004009227734059095","2836.5","2832","2841","0.034133301489055155","0.02533753775060177","0.04259328544139862","2836.5","2832","2841","0.007073263823986054","0.00551966018974781","0.008951903320848942"
"235","2848.5","2844","2853","0.003435547184199095","0.0028111280407756567","0.004230937920510769","2848.5","2844","2853","0.03564746137708426","0.023801272734999657","0.046180665493011475","2848.5","2844","2853","0.007618962880223989","0.0062783099710941315","0.008498677052557468"
"236","2860.5","2856","2865","0.0036505524069070814","0.0027770677115768194","0.00447120750322938","2860.5","2856","2865","0.03381869159638882","0.028928406536579132","0.04495866596698761","2860.5","2856","2865","0.007583918934687972","0.006497420370578766","0.009251545183360577"
"237","2872.5","2868","2877","0.0035339249996468427","0.0028079815674573183","0.004438883159309626","2872.5","2868","2877","0.035459859669208525","0.030565772205591202","0.043591439723968506","2872.5","2868","2877","0.007034403271973133","0.004855705425143242","0.009351915679872036"
"238","2884.5","2880","2889","0.0033896704902872444","0.0029120983090251684","0.004358549602329731","2884.5","2880","2889","0.03351639695465565","0.026398111134767532","0.04429095238447189","2884.5","2880","2889","0.007769262930378318","0.006737407296895981","0.009236571379005909"
"239","2897","2892","2902","0.003329623257741332","0.0024516917765140533","0.00472129276022315","2897","2892","2902","0.03340394032949751","0.02766655758023262","0.057842545211315155","2897","2892","2902","0.007306718352166089","0.005313952453434467","0.009657680988311768"
"240","2909.5","2905","2914","0.0034312258707359434","0.002739217132329941","0.004171892534941435","2909.5","2905","2914","0.032097616046667096","0.025037012994289398","0.039004478603601456","2909.5","2905","2914","0.007834238652139901","0.005750281736254692","0.01141026709228754"
"241","2921.5","2917","2926","0.00323137438390404","0.0027375947684049606","0.0036778089124709368","2921.5","2917","2926","0.029600837640464304","0.024072129279375076","0.035908784717321396","2921.5","2917","2926","0.006659780954942107","0.005374077707529068","0.008976917713880539"
"242","2933.5","2929","2938","0.0036147557897493244","0.002756846370175481","0.0049763829447329044","2933.5","2929","2938","0.03392296154052019","0.028507620096206665","0.0411708764731884","2933.5","2929","2938","0.007220690697431564","0.005506095476448536","0.009227557107806206"
"243","2945.5","2941","2950","0.0038835802813991906","0.0027318806387484074","0.004806119482964277","2945.5","2941","2950","0.036637008935213086","0.026717055588960648","0.04889526963233948","2945.5","2941","2950","0.0070445694960653785","0.004903165157884359","0.009109899401664734"
"244","2957.5","2953","2962","0.0035872897133231163","0.0029600136913359165","0.004443031270056963","2957.5","2953","2962","0.032056895270943644","0.026007123291492462","0.03884955123066902","2957.5","2953","2962","0.007041209610179067","0.004698977340012789","0.008872728794813156"
"245","2969.5","2965","2974","0.003453914332203567","0.0025662516709417105","0.004153197165578604","2969.5","2965","2974","0.03166989870369434","0.024471979588270187","0.04223610460758209","2969.5","2965","2974","0.0076259308960288765","0.00612286664545536","0.009614316746592522"
"246","2981.5","2977","2986","0.0033744171261787413","0.0029172475915402174","0.004009734373539686","2981.5","2977","2986","0.032107139751315114","0.02517375722527504","0.03547108918428421","2981.5","2977","2986","0.0072832677979022264","0.005144521594047546","0.010441485792398453"
"247","2993.5","2989","2998","0.0033533261390402912","0.002516320673748851","0.003983351401984692","2993.5","2989","2998","0.03204715717583895","0.02739468216896057","0.03799958527088165","2993.5","2989","2998","0.007333325501531362","0.005221703555434942","0.00998599547892809"
"248","3005.5","3001","3010","0.003516618674620986","0.002352450741454959","0.004123695194721222","3005.5","3001","3010","0.03361357767134905","0.022190526127815247","0.0536038875579834","3005.5","3001","3010","0.00676139141432941","0.005156350322067738","0.008432107977569103"
"249","3018","3013","3023","0.003118092882108282","0.0018385133007541299","0.0037937976885586977","3018","3013","3023","0.0292465669864958","0.019493447616696358","0.03569800779223442","3018","3013","3023","0.0072369462471793995","0.006191987544298172","0.008926422335207462"
"250","3030.5","3026","3035","0.003262949571944773","0.002241358393803239","0.005321872886270285","3030.5","3026","3035","0.030120457895100115","0.02148265205323696","0.040459975600242615","3030.5","3026","3035","0.006847177445888519","0.005506346933543682","0.007995247840881348"
"251","3042.5","3038","3047","0.0033173000905662776","0.0022917308378964663","0.0042280517518520355","3042.5","3038","3047","0.03086905423551798","0.025467077270150185","0.0337924063205719","3042.5","3038","3047","0.006414889451116323","0.00447214487940073","0.008808801881968975"
"252","3054.5","3050","3059","0.0034913452342152595","0.0028019670862704515","0.004168564919382334","3054.5","3050","3059","0.03447575364261866","0.02680416777729988","0.04931211471557617","3054.5","3050","3059","0.006883078394457698","0.006019379943609238","0.008043715730309486"
"253","3066.5","3062","3071","0.003458037250675261","0.0026516253128647804","0.004004064481705427","3066.5","3062","3071","0.030977800115942956","0.024406177923083305","0.040853921324014664","3066.5","3062","3071","0.006419144757091999","0.005318519659340382","0.007270193193107843"
"254","3078.5","3074","3083","0.003236350743100047","0.0020566361490637064","0.004005342721939087","3078.5","3074","3083","0.0310057295486331","0.018813781440258026","0.04033880680799484","3078.5","3074","3083","0.006634289119392634","0.005409206263720989","0.00822678953409195"
"255","3090.5","3086","3095","0.0032273774268105626","0.002849911106750369","0.003727296134456992","3090.5","3086","3095","0.029934244975447655","0.026359185576438904","0.04066433385014534","3090.5","3086","3095","0.005938977282494306","0.004784205928444862","0.007309051230549812"
"256","3102.5","3098","3107","0.003199341520667076","0.002480750670656562","0.004334683064371347","3102.5","3098","3107","0.030143391340970993","0.02298503927886486","0.040126729756593704","3102.5","3098","3107","0.006875844113528729","0.00463642505928874","0.008859262801706791"
"257","3114.5","3110","3119","0.0032784604001790283","0.0027625944931060076","0.0038185627199709415","3114.5","3110","3119","0.030349313654005526","0.02332744002342224","0.0364019013941288","3114.5","3110","3119","0.006614245427772403","0.004721477162092924","0.007796630263328552"
"258","3126.5","3122","3131","0.0035559161799028514","0.0030894603114575148","0.004618912469595671","3126.5","3122","3131","0.03171740937978029","0.023989282548427582","0.04090087115764618","3126.5","3122","3131","0.006936610396951437","0.004182483069598675","0.008172422647476196"
"259","3139","3134","3144","0.0035835195290432735","0.002822026377543807","0.005126051139086485","3139","3134","3144","0.0318069684911858","0.020791366696357727","0.037175364792346954","3139","3134","3144","0.0067679421891543","0.004604702815413475","0.009857777506113052"
"260","3151.5","3147","3156","0.003162967273965478","0.002583756111562252","0.004427731037139893","3151.5","3147","3156","0.029964845255017282","0.02292262762784958","0.03429616242647171","3151.5","3147","3156","0.006840863265097141","0.005393551662564278","0.008469951339066029"
"261","3163.5","3159","3168","0.003283121343702078","0.0026336752343922853","0.004151495173573494","3163.5","3159","3168","0.030878255143761635","0.022101476788520813","0.04452388733625412","3163.5","3159","3168","0.006119188433513045","0.004989456385374069","0.007453523576259613"
"262","3175.5","3171","3180","0.0029455639654770494","0.002266879426315427","0.003226333064958453","3175.5","3171","3180","0.026082193851470946","0.021169163286685944","0.033066295087337494","3175.5","3171","3180","0.005957116326317191","0.004003682639449835","0.00964898057281971"
"263","3187.5","3183","3192","0.00329867172986269","0.0025752384681254625","0.004062626510858536","3187.5","3183","3192","0.028548520989716053","0.01920180954039097","0.038284409791231155","3187.5","3183","3192","0.006208014953881502","0.003969859331846237","0.007416204083710909"
"264","3199.5","3195","3204","0.0032129780389368533","0.0021283484529703856","0.004178650677204132","3199.5","3195","3204","0.02745380774140358","0.023035744205117226","0.03498818725347519","3199.5","3195","3204","0.005885094916447997","0.004590258002281189","0.008164143189787865"
"265","3211.5","3207","3216","0.0030702263116836547","0.0021675259340554476","0.004264591261744499","3211.5","3207","3216","0.02722647525370121","0.016987264156341553","0.033260926604270935","3211.5","3207","3216","0.006490382412448525","0.005337482318282127","0.008257318288087845"
"266","3223.5","3219","3228","0.0032719186041504146","0.0025272932834923267","0.00428778026252985","3223.5","3219","3228","0.02924745064228773","0.024916451424360275","0.034002065658569336","3223.5","3219","3228","0.0061528593301773075","0.004599492996931076","0.007777569815516472"
"267","3235.5","3231","3240","0.0029579554218798878","0.002405161503702402","0.004038913641124964","3235.5","3231","3240","0.027150316536426543","0.022128548473119736","0.039245154708623886","3235.5","3231","3240","0.0056752035394310955","0.00438108341768384","0.007804926950484514"
"268","3247.5","3243","3252","0.003324833791702986","0.0024509907234460115","0.004225257318466902","3247.5","3243","3252","0.029681774228811263","0.021362679079174995","0.039665527641773224","3247.5","3243","3252","0.0064307276625186205","0.004802126437425613","0.007750555872917175"
"269","3260","3255","3265","0.0031593793114139276","0.002594457706436515","0.003903693053871393","3260","3255","3265","0.02710389227352359","0.021337393671274185","0.03231373056769371","3260","3255","3265","0.006402750668877905","0.004240415990352631","0.008377822116017342"
"270","3272.5","3268","3277","0.0029861324466764925","0.0019730664789676666","0.003809358924627304","3272.5","3268","3277","0.027718169428408147","0.020274367183446884","0.035249803215265274","3272.5","3268","3277","0.006222198670729995","0.004559381399303675","0.008945335634052753"
"271","3284.5","3280","3289","0.0029904386028647423","0.0023773531429469585","0.0037039907183498144","3284.5","3280","3289","0.025846626423299313","0.021054260432720184","0.03143085539340973","3284.5","3280","3289","0.005792092578485608","0.004552888683974743","0.0067122699692845345"
"272","3296.5","3292","3301","0.002766711520962417","0.0018822010606527328","0.003274435643106699","3296.5","3292","3301","0.025341452099382877","0.019705191254615784","0.033630069345235825","3296.5","3292","3301","0.005753665743395686","0.003954158164560795","0.008699748665094376"
"273","3308.5","3304","3313","0.002853068755939603","0.0020323891658335924","0.00382213294506073","3308.5","3304","3313","0.026101466082036496","0.021756822243332863","0.031385812908411026","3308.5","3304","3313","0.006509791035205126","0.005188778042793274","0.009035778231918812"
"274","3320.5","3316","3325","0.003014639113098383","0.0023691963870078325","0.003805838990956545","3320.5","3316","3325","0.02524245921522379","0.016936106607317924","0.030433867126703262","3320.5","3316","3325","0.005690451571717858","0.004352651536464691","0.007895264774560928"
"275","3332.5","3328","3337","0.0028220550389960407","0.002173586981371045","0.003512835595756769","3332.5","3328","3337","0.026469046622514723","0.021241171285510063","0.03355833515524864","3332.5","3328","3337","0.006081776274368167","0.0041960179805755615","0.007846396416425705"
"276","3344.5","3340","3349","0.0029131964314728976","0.0023823182564228773","0.003855127841234207","3344.5","3340","3349","0.02812280673533678","0.017634060233831406","0.03284607455134392","3344.5","3340","3349","0.0056658137124031786","0.003985316026955843","0.007314101792871952"
"277","3356.5","3352","3361","0.0028267686255276205","0.0022190185263752937","0.003544717328622937","3356.5","3352","3361","0.02597930859774351","0.017512934282422066","0.038129981607198715","3356.5","3352","3361","0.005946428375318646","0.004399972967803478","0.0074935778975486755"
"278","3368.5","3364","3373","0.0029162829741835594","0.002007935894653201","0.004091174807399511","3368.5","3364","3373","0.026742815040051937","0.019745415076613426","0.03496715426445007","3368.5","3364","3373","0.006151337502524256","0.004478988703340292","0.009203161112964153"
"279","3381","3376","3386","0.002849512119692835","0.0021393331699073315","0.003428685711696744","3381","3376","3386","0.026771169833161614","0.019959241151809692","0.03618985787034035","3381","3376","3386","0.005767754533074119","0.005024561192840338","0.0067697190679609776"
"280","3393.5","3389","3398","0.0026744708186015485","0.0021792284678667784","0.003427677322179079","3393.5","3389","3398","0.023777950927615164","0.018018685281276703","0.030696840956807137","3393.5","3389","3398","0.006145490519702435","0.004640296567231417","0.0070208958350121975"
"281","3405.5","3401","3410","0.002779746218584478","0.0024615207221359015","0.0033511724323034286","3405.5","3401","3410","0.02431962490081787","0.017652064561843872","0.033014245331287384","3405.5","3401","3410","0.005655475798994303","0.004961725324392319","0.006311565171927214"
"282","3417.5","3413","3422","0.002738906582817435","0.0019930244889110327","0.0034262456465512514","3417.5","3413","3422","0.024646695517003537","0.01752244308590889","0.03463546931743622","3417.5","3413","3422","0.005961433984339237","0.005019597243517637","0.007693946361541748"
"283","3429.5","3425","3434","0.002785739186219871","0.0021014611702412367","0.004283581394702196","3429.5","3425","3434","0.02473186831921339","0.018706202507019043","0.030436111614108086","3429.5","3425","3434","0.005918368091806769","0.0043209027498960495","0.008016331121325493"
"284","3441.5","3437","3446","0.002830116031691432","0.002375731710344553","0.00331781804561615","3441.5","3437","3446","0.024614767730236055","0.02009541541337967","0.028048917651176453","3441.5","3437","3446","0.0060944358818233015","0.005027031991630793","0.007692940533161163"
"285","3453.5","3449","3458","0.002699013683013618","0.0022757193073630333","0.003234800649806857","3453.5","3449","3458","0.023622907884418964","0.019008178263902664","0.03169585391879082","3453.5","3449","3458","0.005903488397598267","0.00497667770832777","0.007219985593110323"
"286","3465.5","3461","3470","0.0028576444368809462","0.00224754074588418","0.0038079842925071716","3465.5","3461","3470","0.025505641289055348","0.022180890664458275","0.027620792388916016","3465.5","3461","3470","0.005920251365751028","0.00418380182236433","0.007409901358187199"
"287","3477.5","3473","3482","0.00274784155189991","0.0022223142441362143","0.003911246545612812","3477.5","3473","3482","0.022654498368501662","0.01712925173342228","0.027491820976138115","3477.5","3473","3482","0.005295306164771319","0.004154780879616737","0.006329728756099939"
"288","3489.5","3485","3494","0.0025259268470108507","0.001978170359507203","0.002832854865118861","3489.5","3485","3494","0.02373800165951252","0.01944100297987461","0.03243090957403183","3489.5","3485","3494","0.0060126006603240965","0.004516503773629665","0.008104292675852776"
"289","3502","3497","3507","0.002841667187484828","0.002275855978950858","0.003348222468048334","3502","3497","3507","0.024698445573449135","0.019323760643601418","0.03428667038679123","3502","3497","3507","0.0050060557709498835","0.003502344712615013","0.006005644798278809"
"290","3514.5","3510","3519","0.0024805530440062283","0.0019777503330260515","0.003450974589213729","3514.5","3510","3519","0.021812122128903867","0.017125852406024933","0.026813935488462448","3514.5","3510","3519","0.005768592469394207","0.004369208123534918","0.006678342819213867"
"291","3526.5","3522","3531","0.0026751164812594654","0.002394793089479208","0.003129602177068591","3526.5","3522","3531","0.02478393688797951","0.0204872228205204","0.031199956312775612","3526.5","3522","3531","0.005228048143908382","0.003922445699572563","0.006334715522825718"
"292","3538.5","3534","3543","0.002374224166851491","0.0016940393252298236","0.0028011302929371595","3538.5","3534","3543","0.021384640038013457","0.01486136019229889","0.03127971664071083","3538.5","3534","3543","0.005131396371871233","0.003854307346045971","0.005909609608352184"
"293","3550.5","3546","3555","0.002594832831528038","0.0018461790168657899","0.003812813898548484","3550.5","3546","3555","0.02269332129508257","0.019580382853746414","0.026283562183380127","3550.5","3546","3555","0.005079983593896031","0.004159686621278524","0.006086493376642466"
"294","3562.5","3558","3567","0.002666629571467638","0.0021971669048070908","0.003281921148300171","3562.5","3558","3567","0.024378236383199692","0.01653861440718174","0.028548620641231537","3562.5","3558","3567","0.005494306143373251","0.003695276565849781","0.007720940746366978"
"295","3574.5","3570","3579","0.0025586749776266514","0.0017624798929318786","0.0033982691820710897","3574.5","3570","3579","0.023342370986938477","0.016175394877791405","0.03424397110939026","3574.5","3570","3579","0.005340692959725857","0.004216527566313744","0.006813053973019123"
"296","3586.5","3582","3591","0.002716750849504024","0.001893851556815207","0.003584593301638961","3586.5","3582","3591","0.021089801006019114","0.015238150954246521","0.026152433827519417","3586.5","3582","3591","0.004936252487823367","0.004128503147512674","0.005839889869093895"
"297","3598.5","3594","3603","0.0023915646015666425","0.0018215751042589545","0.0030712054576724768","3598.5","3594","3603","0.02167094498872757","0.015774022787809372","0.033352330327034","3598.5","3594","3603","0.005341276293620467","0.0033640023320913315","0.006834171712398529"
"298","3610.5","3606","3615","0.002880078332964331","0.0019510522251948714","0.003944156691431999","3610.5","3606","3615","0.024327700771391392","0.017077084630727768","0.02948499470949173","3610.5","3606","3615","0.005041137640364468","0.0036705508828163147","0.0074095288291573524"
"299","3623","3618","3628","0.0026418998922136698","0.0017785346135497093","0.004109700210392475","3623","3618","3628","0.02280258590524847","0.013619260862469673","0.036656253039836884","3623","3618","3628","0.005511496364223686","0.0031764188315719366","0.00891504529863596"