"epoch","yv5s-coco-zipf-loss-weights-tuned - _step","yv5s-coco-zipf-loss-weights-tuned - _step__MIN","yv5s-coco-zipf-loss-weights-tuned - _step__MAX","yv5s-coco-zipf-loss-weights-tuned - map","yv5s-coco-zipf-loss-weights-tuned - map__MIN","yv5s-coco-zipf-loss-weights-tuned - map__MAX","yv5s-coco-zipf-loss-weights - _step","yv5s-coco-zipf-loss-weights - _step__MIN","yv5s-coco-zipf-loss-weights - _step__MAX","yv5s-coco-zipf-loss-weights - map","yv5s-coco-zipf-loss-weights - map__MIN","yv5s-coco-zipf-loss-weights - map__MAX","yv5s-coco-zipf - _step","yv5s-coco-zipf - _step__MIN","yv5s-coco-zipf - _step__MAX","yv5s-coco-zipf - map","yv5s-coco-zipf - map__MIN","yv5s-coco-zipf - map__MAX"
"0","11","11","11","0.0007115589105524123","0.0007115589105524123","0.0007115589105524123","11","11","11","0.0011795653263106942","0.0011795653263106942","0.0011795653263106942","11","11","11","0.00043610292856981046","0.00043610292856981046","0.00043610292856981046"
"1","23","23","23","0.0010640949476510286","0.0010640949476510286","0.0010640949476510286","23","23","23","0.000977785442955792","0.000977785442955792","0.000977785442955792","23","23","23","0.0018239711127750293","0.0018239711127750293","0.0018239711127750293"
"2","35","35","35","0.004130909219384193","0.004130909219384193","0.004130909219384193","35","35","35","0.002012438140809536","0.002012438140809536","0.002012438140809536","35","35","35","0.015783226073325603","0.015783226073325603","0.015783226073325603"
"3","47","47","47","0.02219792827963829","0.02219792827963829","0.02219792827963829","47","47","47","0.0067943246103823185","0.0067943246103823185","0.0067943246103823185","47","47","47","0.02575542031511471","0.02575542031511471","0.02575542031511471"
"4","59","59","59","0.03376327082514763","0.03376327082514763","0.03376327082514763","59","59","59","0.00938771478831768","0.00938771478831768","0.00938771478831768","59","59","59","0.029409799987770293","0.029409799987770293","0.029409799987770293"
"5","71","71","71","0.05245751887559891","0.05245751887559891","0.05245751887559891","71","71","71","0.018285609781742096","0.018285609781742096","0.018285609781742096","71","71","71","0.06319655643846868","0.06319655643846868","0.06319655643846868"
"6","83","83","83","0.0637364536523819","0.0637364536523819","0.0637364536523819","83","83","83","0.027717627584934235","0.027717627584934235","0.027717627584934235","83","83","83","0.07089517471685132","0.07089517471685132","0.07089517471685132"
"7","95","95","95","0.06222738325595856","0.06222738325595856","0.06222738325595856","95","95","95","0.02850285917520523","0.02850285917520523","0.02850285917520523","95","95","95","0.08873934884894064","0.08873934884894064","0.08873934884894064"
"8","107","107","107","0.06531944870948792","0.06531944870948792","0.06531944870948792","107","107","107","0.03203188255429268","0.03203188255429268","0.03203188255429268","107","107","107","0.08298065828156341","0.08298065828156341","0.08298065828156341"
"9","120","120","120","0.08144563436508179","0.08144563436508179","0.08144563436508179","120","120","120","0.04740261286497116","0.04740261286497116","0.04740261286497116","120","120","120","0.10683253686607212","0.10683253686607212","0.10683253686607212"
"10","132","132","132","0.09645097702741623","0.09645097702741623","0.09645097702741623","132","132","132","0.03158972039818764","0.03158972039818764","0.03158972039818764","132","132","132","0.1204842996448922","0.1204842996448922","0.1204842996448922"
"11","144","144","144","0.10269160568714142","0.10269160568714142","0.10269160568714142","144","144","144","0.047637585550546646","0.047637585550546646","0.047637585550546646","144","144","144","0.13241507584412507","0.13241507584412507","0.13241507584412507"
"12","156","156","156","0.10803548991680145","0.10803548991680145","0.10803548991680145","156","156","156","0.04639030247926712","0.04639030247926712","0.04639030247926712","156","156","156","0.13666377030322482","0.13666377030322482","0.13666377030322482"
"13","168","168","168","0.12536269426345825","0.12536269426345825","0.12536269426345825","168","168","168","0.05370187759399414","0.05370187759399414","0.05370187759399414","168","168","168","0.13008036305371434","0.13008036305371434","0.13008036305371434"
"14","180","180","180","0.10840658098459244","0.10840658098459244","0.10840658098459244","180","180","180","0.055232904851436615","0.055232904851436615","0.055232904851436615","180","180","180","0.13144993364843832","0.13144993364843832","0.13144993364843832"
"15","192","192","192","0.12796345353126526","0.12796345353126526","0.12796345353126526","192","192","192","0.055733487010002136","0.055733487010002136","0.055733487010002136","192","192","192","0.14084643513602368","0.14084643513602368","0.14084643513602368"
"16","204","204","204","0.13478688895702362","0.13478688895702362","0.13478688895702362","204","204","204","0.06126196309924126","0.06126196309924126","0.06126196309924126","204","204","204","0.1508383308871487","0.1508383308871487","0.1508383308871487"
"17","216","216","216","0.13891908526420593","0.13891908526420593","0.13891908526420593","216","216","216","0.06868038326501846","0.06868038326501846","0.06868038326501846","216","216","216","0.15227538590827422","0.15227538590827422","0.15227538590827422"
"18","228","228","228","0.13278131186962128","0.13278131186962128","0.13278131186962128","228","228","228","0.07300465553998947","0.07300465553998947","0.07300465553998947","228","228","228","0.14580788954994645","0.14580788954994645","0.14580788954994645"
"19","241","241","241","0.12439461052417755","0.12439461052417755","0.12439461052417755","241","241","241","0.07947571575641632","0.07947571575641632","0.07947571575641632","241","241","241","0.17352090004918702","0.17352090004918702","0.17352090004918702"
"20","253","253","253","0.12818072736263275","0.12818072736263275","0.12818072736263275","253","253","253","0.0773877277970314","0.0773877277970314","0.0773877277970314","253","253","253","0.16673111551532913","0.16673111551532913","0.16673111551532913"
"21","265","265","265","0.15426155924797058","0.15426155924797058","0.15426155924797058","265","265","265","0.07244164496660233","0.07244164496660233","0.07244164496660233","265","265","265","0.1673112996538246","0.1673112996538246","0.1673112996538246"
"22","277","277","277","0.14858286082744598","0.14858286082744598","0.14858286082744598","277","277","277","0.07839339971542358","0.07839339971542358","0.07839339971542358","277","277","277","0.1773498595621083","0.1773498595621083","0.1773498595621083"
"23","289","289","289","0.14631244540214539","0.14631244540214539","0.14631244540214539","289","289","289","0.08238833397626877","0.08238833397626877","0.08238833397626877","289","289","289","0.1864430356572996","0.1864430356572996","0.1864430356572996"
"24","301","301","301","0.15370461344718933","0.15370461344718933","0.15370461344718933","301","301","301","0.08680345863103867","0.08680345863103867","0.08680345863103867","301","301","301","0.1933598129471625","0.1933598129471625","0.1933598129471625"
"25","313","313","313","0.16240212321281433","0.16240212321281433","0.16240212321281433","313","313","313","0.08677739650011063","0.08677739650011063","0.08677739650011063","313","313","313","0.19946727955683227","0.19946727955683227","0.19946727955683227"
"26","325","325","325","0.143926203250885","0.143926203250885","0.143926203250885","325","325","325","0.08771634101867676","0.08771634101867676","0.08771634101867676","325","325","325","0.18337249818736454","0.18337249818736454","0.18337249818736454"
"27","337","337","337","0.17219018936157227","0.17219018936157227","0.17219018936157227","337","337","337","0.09824672341346741","0.09824672341346741","0.09824672341346741","337","337","337","0.1877473784762115","0.1877473784762115","0.1877473784762115"
"28","349","349","349","0.16550977528095245","0.16550977528095245","0.16550977528095245","349","349","349","0.09709646552801132","0.09709646552801132","0.09709646552801132","349","349","349","0.19722322273953174","0.19722322273953174","0.19722322273953174"
"29","362","362","362","0.1715749055147171","0.1715749055147171","0.1715749055147171","362","362","362","0.0922202467918396","0.0922202467918396","0.0922202467918396","362","362","362","0.19902596707030976","0.19902596707030976","0.19902596707030976"
"30","374","374","374","0.167974591255188","0.167974591255188","0.167974591255188","374","374","374","0.09327421337366104","0.09327421337366104","0.09327421337366104","374","374","374","0.19292625951250858","0.19292625951250858","0.19292625951250858"
"31","386","386","386","0.17367953062057495","0.17367953062057495","0.17367953062057495","386","386","386","0.10423660278320312","0.10423660278320312","0.10423660278320312","386","386","386","0.20866484271551522","0.20866484271551522","0.20866484271551522"
"32","398","398","398","0.17419539391994476","0.17419539391994476","0.17419539391994476","398","398","398","0.10438670217990875","0.10438670217990875","0.10438670217990875","398","398","398","0.2028007028084607","0.2028007028084607","0.2028007028084607"
"33","410","410","410","0.18540242314338684","0.18540242314338684","0.18540242314338684","410","410","410","0.1047743409872055","0.1047743409872055","0.1047743409872055","410","410","410","0.20881295590244237","0.20881295590244237","0.20881295590244237"
"34","422","422","422","0.1923041045665741","0.1923041045665741","0.1923041045665741","422","422","422","0.10337381064891815","0.10337381064891815","0.10337381064891815","422","422","422","0.21261248700806265","0.21261248700806265","0.21261248700806265"
"35","434","434","434","0.16100412607192993","0.16100412607192993","0.16100412607192993","434","434","434","0.100355364382267","0.100355364382267","0.100355364382267","434","434","434","0.2128245952431954","0.2128245952431954","0.2128245952431954"
"36","446","446","446","0.19572614133358002","0.19572614133358002","0.19572614133358002","446","446","446","0.10195101797580719","0.10195101797580719","0.10195101797580719","446","446","446","0.22144977659460155","0.22144977659460155","0.22144977659460155"
"37","458","458","458","0.13786564767360687","0.13786564767360687","0.13786564767360687","458","458","458","0.09834938496351242","0.09834938496351242","0.09834938496351242","458","458","458","0.22960299667217773","0.22960299667217773","0.22960299667217773"
"38","470","470","470","0.19969317317008972","0.19969317317008972","0.19969317317008972","470","470","470","0.10385969281196594","0.10385969281196594","0.10385969281196594","470","470","470","0.20643561059211626","0.20643561059211626","0.20643561059211626"
"39","483","483","483","0.18911699950695038","0.18911699950695038","0.18911699950695038","483","483","483","0.09940005093812943","0.09940005093812943","0.09940005093812943","483","483","483","0.21380370008011892","0.21380370008011892","0.21380370008011892"
"40","495","495","495","0.18284928798675537","0.18284928798675537","0.18284928798675537","495","495","495","0.11337844282388687","0.11337844282388687","0.11337844282388687","495","495","495","0.20553182363584277","0.20553182363584277","0.20553182363584277"
"41","507","507","507","0.18905538320541382","0.18905538320541382","0.18905538320541382","507","507","507","0.11397068947553635","0.11397068947553635","0.11397068947553635","507","507","507","0.22153333916424625","0.22153333916424625","0.22153333916424625"
"42","519","519","519","0.18850110471248627","0.18850110471248627","0.18850110471248627","519","519","519","0.10530824959278107","0.10530824959278107","0.10530824959278107","519","519","519","0.22423894079608012","0.22423894079608012","0.22423894079608012"
"43","531","531","531","0.205276221036911","0.205276221036911","0.205276221036911","531","531","531","0.11702413856983185","0.11702413856983185","0.11702413856983185","531","531","531","0.23107117073175412","0.23107117073175412","0.23107117073175412"
"44","543","543","543","0.197902649641037","0.197902649641037","0.197902649641037","543","543","543","0.1188773363828659","0.1188773363828659","0.1188773363828659","543","543","543","0.2354581373235796","0.2354581373235796","0.2354581373235796"
"45","555","555","555","0.19634734094142914","0.19634734094142914","0.19634734094142914","555","555","555","0.12156197428703308","0.12156197428703308","0.12156197428703308","555","555","555","0.23359576216023178","0.23359576216023178","0.23359576216023178"
"46","567","567","567","0.21294623613357544","0.21294623613357544","0.21294623613357544","567","567","567","0.12037992477416992","0.12037992477416992","0.12037992477416992","567","567","567","0.22798667786674445","0.22798667786674445","0.22798667786674445"
"47","579","579","579","0.2017461657524109","0.2017461657524109","0.2017461657524109","579","579","579","0.12092026323080063","0.12092026323080063","0.12092026323080063","579","579","579","0.2368990627319534","0.2368990627319534","0.2368990627319534"
"48","591","591","591","0.18228474259376526","0.18228474259376526","0.18228474259376526","591","591","591","0.13045494258403778","0.13045494258403778","0.13045494258403778","591","591","591","0.2077873540653699","0.2077873540653699","0.2077873540653699"
"49","604","604","604","0.2059602290391922","0.2059602290391922","0.2059602290391922","604","604","604","0.1254684180021286","0.1254684180021286","0.1254684180021286","604","604","604","0.24028785829646224","0.24028785829646224","0.24028785829646224"
"50","616","616","616","0.21811825037002563","0.21811825037002563","0.21811825037002563","616","616","616","0.127004936337471","0.127004936337471","0.127004936337471","616","616","616","0.21849965485609768","0.21849965485609768","0.21849965485609768"
"51","628","628","628","0.20696066319942474","0.20696066319942474","0.20696066319942474","628","628","628","0.1336195468902588","0.1336195468902588","0.1336195468902588","628","628","628","0.24764415381598043","0.24764415381598043","0.24764415381598043"
"52","640","640","640","0.18983294069766998","0.18983294069766998","0.18983294069766998","640","640","640","0.13207927346229553","0.13207927346229553","0.13207927346229553","640","640","640","0.24202023138246923","0.24202023138246923","0.24202023138246923"
"53","652","652","652","0.2208462357521057","0.2208462357521057","0.2208462357521057","652","652","652","0.13452276587486267","0.13452276587486267","0.13452276587486267","652","652","652","0.2259059805694681","0.2259059805694681","0.2259059805694681"
"54","664","664","664","0.21916413307189941","0.21916413307189941","0.21916413307189941","664","664","664","0.13869887590408325","0.13869887590408325","0.13869887590408325","664","664","664","0.24259969291551098","0.24259969291551098","0.24259969291551098"
"55","676","676","676","0.21761178970336914","0.21761178970336914","0.21761178970336914","676","676","676","0.13413195312023163","0.13413195312023163","0.13413195312023163","676","676","676","0.24144022557122125","0.24144022557122125","0.24144022557122125"
"56","688","688","688","0.2094435840845108","0.2094435840845108","0.2094435840845108","688","688","688","0.1361435502767563","0.1361435502767563","0.1361435502767563","688","688","688","0.23147886900538248","0.23147886900538248","0.23147886900538248"
"57","700","700","700","0.2138180434703827","0.2138180434703827","0.2138180434703827","700","700","700","0.1290713995695114","0.1290713995695114","0.1290713995695114","700","700","700","0.23944991128937168","0.23944991128937168","0.23944991128937168"
"58","712","712","712","0.21592868864536285","0.21592868864536285","0.21592868864536285","712","712","712","0.1385246068239212","0.1385246068239212","0.1385246068239212","712","712","712","0.2459424063190677","0.2459424063190677","0.2459424063190677"
"59","725","725","725","0.216839000582695","0.216839000582695","0.216839000582695","725","725","725","0.136911079287529","0.136911079287529","0.136911079287529","725","725","725","0.2392459818527371","0.2392459818527371","0.2392459818527371"
"60","737","737","737","0.2150927186012268","0.2150927186012268","0.2150927186012268","737","737","737","0.13463188707828522","0.13463188707828522","0.13463188707828522","737","737","737","0.25562642054264895","0.25562642054264895","0.25562642054264895"
"61","749","749","749","0.23300857841968536","0.23300857841968536","0.23300857841968536","749","749","749","0.1465761959552765","0.1465761959552765","0.1465761959552765","749","749","749","0.2463826407400531","0.2463826407400531","0.2463826407400531"
"62","761","761","761","0.2229832261800766","0.2229832261800766","0.2229832261800766","761","761","761","0.14361801743507385","0.14361801743507385","0.14361801743507385","761","761","761","0.24035615016971962","0.24035615016971962","0.24035615016971962"
"63","773","773","773","0.20727430284023285","0.20727430284023285","0.20727430284023285","773","773","773","0.14279238879680634","0.14279238879680634","0.14279238879680634","773","773","773","0.23956253206350558","0.23956253206350558","0.23956253206350558"
"64","785","785","785","0.23225754499435425","0.23225754499435425","0.23225754499435425","785","785","785","0.14014780521392822","0.14014780521392822","0.14014780521392822","785","785","785","0.2410369967012344","0.2410369967012344","0.2410369967012344"
"65","797","797","797","0.20901143550872803","0.20901143550872803","0.20901143550872803","797","797","797","0.1545666605234146","0.1545666605234146","0.1545666605234146","797","797","797","0.2577327967114571","0.2577327967114571","0.2577327967114571"
"66","809","809","809","0.22763296961784363","0.22763296961784363","0.22763296961784363","809","809","809","0.1462961733341217","0.1462961733341217","0.1462961733341217","809","809","809","0.24694275998054946","0.24694275998054946","0.24694275998054946"
"67","821","821","821","0.22533129155635834","0.22533129155635834","0.22533129155635834","821","821","821","0.13699676096439362","0.13699676096439362","0.13699676096439362","821","821","821","0.25484937469318086","0.25484937469318086","0.25484937469318086"
"68","833","833","833","0.22535035014152527","0.22535035014152527","0.22535035014152527","833","833","833","0.14083896577358246","0.14083896577358246","0.14083896577358246","833","833","833","0.25411836591273507","0.25411836591273507","0.25411836591273507"
"69","846","846","846","0.21975845098495483","0.21975845098495483","0.21975845098495483","846","846","846","0.1510392278432846","0.1510392278432846","0.1510392278432846","846","846","846","0.25218812765704907","0.25218812765704907","0.25218812765704907"
"70","858","858","858","0.23536652326583862","0.23536652326583862","0.23536652326583862","858","858","858","0.14776910841464996","0.14776910841464996","0.14776910841464996","858","858","858","0.24740824375840662","0.24740824375840662","0.24740824375840662"
"71","870","870","870","0.21889114379882812","0.21889114379882812","0.21889114379882812","870","870","870","0.1447782814502716","0.1447782814502716","0.1447782814502716","870","870","870","0.25120186132563704","0.25120186132563704","0.25120186132563704"
"72","882","882","882","0.235454261302948","0.235454261302948","0.235454261302948","882","882","882","0.14907269179821014","0.14907269179821014","0.14907269179821014","882","882","882","0.2659797285567448","0.2659797285567448","0.2659797285567448"
"73","894","894","894","0.21049615740776062","0.21049615740776062","0.21049615740776062","894","894","894","0.14990146458148956","0.14990146458148956","0.14990146458148956","894","894","894","0.24497873704886303","0.24497873704886303","0.24497873704886303"
"74","906","906","906","0.22530856728553772","0.22530856728553772","0.22530856728553772","906","906","906","0.1505228877067566","0.1505228877067566","0.1505228877067566","906","906","906","0.2581557522285107","0.2581557522285107","0.2581557522285107"
"75","918","918","918","0.23976440727710724","0.23976440727710724","0.23976440727710724","918","918","918","0.14586494863033295","0.14586494863033295","0.14586494863033295","918","918","918","0.2502939046456834","0.2502939046456834","0.2502939046456834"
"76","930","930","930","0.24449892342090607","0.24449892342090607","0.24449892342090607","930","930","930","0.15205469727516174","0.15205469727516174","0.15205469727516174","930","930","930","0.24392118791357129","0.24392118791357129","0.24392118791357129"
"77","942","942","942","0.2153359204530716","0.2153359204530716","0.2153359204530716","942","942","942","0.14806704223155975","0.14806704223155975","0.14806704223155975","942","942","942","0.2661397469954419","0.2661397469954419","0.2661397469954419"
"78","954","954","954","0.23496200144290924","0.23496200144290924","0.23496200144290924","954","954","954","0.15463681519031525","0.15463681519031525","0.15463681519031525","954","954","954","0.25877881530733204","0.25877881530733204","0.25877881530733204"
"79","967","967","967","0.24154722690582275","0.24154722690582275","0.24154722690582275","967","967","967","0.1510581076145172","0.1510581076145172","0.1510581076145172","967","967","967","0.25955710979292296","0.25955710979292296","0.25955710979292296"
"80","979","979","979","0.2287086546421051","0.2287086546421051","0.2287086546421051","979","979","979","0.16812725365161896","0.16812725365161896","0.16812725365161896","979","979","979","0.2658664820277444","0.2658664820277444","0.2658664820277444"
"81","991","991","991","0.21986079216003418","0.21986079216003418","0.21986079216003418","991","991","991","0.14716531336307526","0.14716531336307526","0.14716531336307526","991","991","991","0.2645328118822728","0.2645328118822728","0.2645328118822728"
"82","1003","1003","1003","0.24870064854621887","0.24870064854621887","0.24870064854621887","1003","1003","1003","0.15994565188884735","0.15994565188884735","0.15994565188884735","1003","1003","1003","0.2514249454971695","0.2514249454971695","0.2514249454971695"
"83","1015","1015","1015","0.23651154339313507","0.23651154339313507","0.23651154339313507","1015","1015","1015","0.15522733330726624","0.15522733330726624","0.15522733330726624","1015","1015","1015","0.2641261616532047","0.2641261616532047","0.2641261616532047"
"84","1027","1027","1027","0.2438208907842636","0.2438208907842636","0.2438208907842636","1027","1027","1027","0.16367320716381073","0.16367320716381073","0.16367320716381073","1027","1027","1027","0.2654760325444905","0.2654760325444905","0.2654760325444905"
"85","1039","1039","1039","0.24669066071510315","0.24669066071510315","0.24669066071510315","1039","1039","1039","0.16315914690494537","0.16315914690494537","0.16315914690494537","1039","1039","1039","0.25039941822526535","0.25039941822526535","0.25039941822526535"
"86","1051","1051","1051","0.2355903536081314","0.2355903536081314","0.2355903536081314","1051","1051","1051","0.15955738723278046","0.15955738723278046","0.15955738723278046","1051","1051","1051","0.2687806268181375","0.2687806268181375","0.2687806268181375"
"87","1063","1063","1063","0.21424967050552368","0.21424967050552368","0.21424967050552368","1063","1063","1063","0.1611757129430771","0.1611757129430771","0.1611757129430771","1063","1063","1063","0.24976637086479683","0.24976637086479683","0.24976637086479683"
"88","1075","1075","1075","0.24251936376094818","0.24251936376094818","0.24251936376094818","1075","1075","1075","0.16241222620010376","0.16241222620010376","0.16241222620010376","1075","1075","1075","0.2753487492679371","0.2753487492679371","0.2753487492679371"
"89","1088","1088","1088","0.2404443770647049","0.2404443770647049","0.2404443770647049","1088","1088","1088","0.15388916432857513","0.15388916432857513","0.15388916432857513","1088","1088","1088","0.2613162369861587","0.2613162369861587","0.2613162369861587"
"90","1100","1100","1100","0.2347443401813507","0.2347443401813507","0.2347443401813507","1100","1100","1100","0.16505815088748932","0.16505815088748932","0.16505815088748932","1100","1100","1100","0.25990505793824964","0.25990505793824964","0.25990505793824964"
"91","1112","1112","1112","0.23829244077205658","0.23829244077205658","0.23829244077205658","1112","1112","1112","0.17523816227912903","0.17523816227912903","0.17523816227912903","1112","1112","1112","0.2744435292239256","0.2744435292239256","0.2744435292239256"
"92","1124","1124","1124","0.2403598427772522","0.2403598427772522","0.2403598427772522","1124","1124","1124","0.17075707018375397","0.17075707018375397","0.17075707018375397","1124","1124","1124","0.24961021267305128","0.24961021267305128","0.24961021267305128"
"93","1136","1136","1136","0.2512635588645935","0.2512635588645935","0.2512635588645935","1136","1136","1136","0.16345612704753876","0.16345612704753876","0.16345612704753876","1136","1136","1136","0.2638066237430078","0.2638066237430078","0.2638066237430078"
"94","1148","1148","1148","0.24682724475860596","0.24682724475860596","0.24682724475860596","1148","1148","1148","0.16096565127372742","0.16096565127372742","0.16096565127372742","1148","1148","1148","0.2600990494825983","0.2600990494825983","0.2600990494825983"
"95","1160","1160","1160","0.25063493847846985","0.25063493847846985","0.25063493847846985","1160","1160","1160","0.17407190799713135","0.17407190799713135","0.17407190799713135","1160","1160","1160","0.24916697063710538","0.24916697063710538","0.24916697063710538"
"96","1172","1172","1172","0.24474379420280457","0.24474379420280457","0.24474379420280457","1172","1172","1172","0.1697991043329239","0.1697991043329239","0.1697991043329239","1172","1172","1172","0.27775454838100505","0.27775454838100505","0.27775454838100505"
"97","1184","1184","1184","0.26026177406311035","0.26026177406311035","0.26026177406311035","1184","1184","1184","0.17377568781375885","0.17377568781375885","0.17377568781375885","1184","1184","1184","0.26647414940454694","0.26647414940454694","0.26647414940454694"
"98","1196","1196","1196","0.24015836417675018","0.24015836417675018","0.24015836417675018","1196","1196","1196","0.1749393492937088","0.1749393492937088","0.1749393492937088","1196","1196","1196","0.2726676519637849","0.2726676519637849","0.2726676519637849"
"99","1209","1209","1209","0.23425176739692688","0.23425176739692688","0.23425176739692688","1209","1209","1209","0.15742552280426025","0.15742552280426025","0.15742552280426025","1209","1209","1209","0.26598245661163533","0.26598245661163533","0.26598245661163533"
"100","1221","1221","1221","0.24970783293247223","0.24970783293247223","0.24970783293247223","1221","1221","1221","0.16846932470798492","0.16846932470798492","0.16846932470798492","1221","1221","1221","0.27456446630770126","0.27456446630770126","0.27456446630770126"
"101","1233","1233","1233","0.25861573219299316","0.25861573219299316","0.25861573219299316","1233","1233","1233","0.18621808290481567","0.18621808290481567","0.18621808290481567","1233","1233","1233","0.2697410901195488","0.2697410901195488","0.2697410901195488"
"102","1245","1245","1245","0.24178309738636017","0.24178309738636017","0.24178309738636017","1245","1245","1245","0.18177056312561035","0.18177056312561035","0.18177056312561035","1245","1245","1245","0.2711367711971883","0.2711367711971883","0.2711367711971883"
"103","1257","1257","1257","0.24014638364315033","0.24014638364315033","0.24014638364315033","1257","1257","1257","0.17295488715171814","0.17295488715171814","0.17295488715171814","1257","1257","1257","0.2635523227288528","0.2635523227288528","0.2635523227288528"
"104","1269","1269","1269","0.26133185625076294","0.26133185625076294","0.26133185625076294","1269","1269","1269","0.17710177600383759","0.17710177600383759","0.17710177600383759","1269","1269","1269","0.2517991377226097","0.2517991377226097","0.2517991377226097"
"105","1281","1281","1281","0.24976696074008942","0.24976696074008942","0.24976696074008942","1281","1281","1281","0.17673058807849884","0.17673058807849884","0.17673058807849884","1281","1281","1281","0.2710695446886183","0.2710695446886183","0.2710695446886183"
"106","1293","1293","1293","0.25558045506477356","0.25558045506477356","0.25558045506477356","1293","1293","1293","0.17049628496170044","0.17049628496170044","0.17049628496170044","1293","1293","1293","0.27191308490764654","0.27191308490764654","0.27191308490764654"
"107","1305","1305","1305","0.2460363805294037","0.2460363805294037","0.2460363805294037","1305","1305","1305","0.1703704595565796","0.1703704595565796","0.1703704595565796","1305","1305","1305","0.2794295482302749","0.2794295482302749","0.2794295482302749"
"108","1317","1317","1317","0.2545981705188751","0.2545981705188751","0.2545981705188751","1317","1317","1317","0.18513338267803192","0.18513338267803192","0.18513338267803192","1317","1317","1317","0.27087264258245475","0.27087264258245475","0.27087264258245475"
"109","1330","1330","1330","0.25269705057144165","0.25269705057144165","0.25269705057144165","1330","1330","1330","0.18269170820713043","0.18269170820713043","0.18269170820713043","1330","1330","1330","0.27696092906683495","0.27696092906683495","0.27696092906683495"
"110","1342","1342","1342","0.26027852296829224","0.26027852296829224","0.26027852296829224","1342","1342","1342","0.17705582082271576","0.17705582082271576","0.17705582082271576","1342","1342","1342","0.27208775229969434","0.27208775229969434","0.27208775229969434"
"111","1354","1354","1354","0.2503160834312439","0.2503160834312439","0.2503160834312439","1354","1354","1354","0.18220193684101105","0.18220193684101105","0.18220193684101105","1354","1354","1354","0.28884451645361986","0.28884451645361986","0.28884451645361986"
"112","1366","1366","1366","0.2502564787864685","0.2502564787864685","0.2502564787864685","1366","1366","1366","0.17242738604545593","0.17242738604545593","0.17242738604545593","1366","1366","1366","0.28103311991538554","0.28103311991538554","0.28103311991538554"
"113","1378","1378","1378","0.2619089186191559","0.2619089186191559","0.2619089186191559","1378","1378","1378","0.1753275841474533","0.1753275841474533","0.1753275841474533","1378","1378","1378","0.2847039970648903","0.2847039970648903","0.2847039970648903"
"114","1390","1390","1390","0.25874242186546326","0.25874242186546326","0.25874242186546326","1390","1390","1390","0.179562509059906","0.179562509059906","0.179562509059906","1390","1390","1390","0.29170381490907876","0.29170381490907876","0.29170381490907876"
"115","1402","1402","1402","0.26267674565315247","0.26267674565315247","0.26267674565315247","1402","1402","1402","0.18694491684436798","0.18694491684436798","0.18694491684436798","1402","1402","1402","0.28488034176230154","0.28488034176230154","0.28488034176230154"
"116","1414","1414","1414","0.2651612460613251","0.2651612460613251","0.2651612460613251","1414","1414","1414","0.17896099388599396","0.17896099388599396","0.17896099388599396","1414","1414","1414","0.2804372026685479","0.2804372026685479","0.2804372026685479"
"117","1426","1426","1426","0.26106610894203186","0.26106610894203186","0.26106610894203186","1426","1426","1426","0.17918387055397034","0.17918387055397034","0.17918387055397034","1426","1426","1426","0.2688582676035224","0.2688582676035224","0.2688582676035224"
"118","1438","1438","1438","0.2547585666179657","0.2547585666179657","0.2547585666179657","1438","1438","1438","0.18256497383117676","0.18256497383117676","0.18256497383117676","1438","1438","1438","0.2710021271422488","0.2710021271422488","0.2710021271422488"
"119","1451","1451","1451","0.24651794135570526","0.24651794135570526","0.24651794135570526","1451","1451","1451","0.17759865522384644","0.17759865522384644","0.17759865522384644","1451","1451","1451","0.27618136884376165","0.27618136884376165","0.27618136884376165"
"120","1463","1463","1463","0.25023195147514343","0.25023195147514343","0.25023195147514343","1463","1463","1463","0.18324793875217438","0.18324793875217438","0.18324793875217438","1463","1463","1463","0.27581673092608655","0.27581673092608655","0.27581673092608655"
"121","1475","1475","1475","0.2471764236688614","0.2471764236688614","0.2471764236688614","1475","1475","1475","0.17482542991638184","0.17482542991638184","0.17482542991638184","1475","1475","1475","0.28423053548381616","0.28423053548381616","0.28423053548381616"
"122","1487","1487","1487","0.2427055984735489","0.2427055984735489","0.2427055984735489","1487","1487","1487","0.18958599865436554","0.18958599865436554","0.18958599865436554","1487","1487","1487","0.2741597595546695","0.2741597595546695","0.2741597595546695"
"123","1499","1499","1499","0.2528682053089142","0.2528682053089142","0.2528682053089142","1499","1499","1499","0.18273665010929108","0.18273665010929108","0.18273665010929108","1499","1499","1499","0.2746828385235683","0.2746828385235683","0.2746828385235683"
"124","1511","1511","1511","0.26715588569641113","0.26715588569641113","0.26715588569641113","1511","1511","1511","0.19222590327262878","0.19222590327262878","0.19222590327262878","1511","1511","1511","0.2737421649773986","0.2737421649773986","0.2737421649773986"
"125","1523","1523","1523","0.25846797227859497","0.25846797227859497","0.25846797227859497","1523","1523","1523","0.19129468500614166","0.19129468500614166","0.19129468500614166","1523","1523","1523","0.28547646618656164","0.28547646618656164","0.28547646618656164"
"126","1535","1535","1535","0.24762684106826782","0.24762684106826782","0.24762684106826782","1535","1535","1535","0.18506643176078796","0.18506643176078796","0.18506643176078796","1535","1535","1535","0.26598135765844916","0.26598135765844916","0.26598135765844916"
"127","1547","1547","1547","0.2615431547164917","0.2615431547164917","0.2615431547164917","1547","1547","1547","0.18325452506542206","0.18325452506542206","0.18325452506542206","1547","1547","1547","0.28808600828056574","0.28808600828056574","0.28808600828056574"
"128","1559","1559","1559","0.2585500180721283","0.2585500180721283","0.2585500180721283","1559","1559","1559","0.19383612275123596","0.19383612275123596","0.19383612275123596","1559","1559","1559","0.26290558635340155","0.26290558635340155","0.26290558635340155"
"129","1572","1572","1572","0.2624097764492035","0.2624097764492035","0.2624097764492035","1572","1572","1572","0.17986804246902466","0.17986804246902466","0.17986804246902466","1572","1572","1572","0.2788185345455954","0.2788185345455954","0.2788185345455954"
"130","1584","1584","1584","0.26365652680397034","0.26365652680397034","0.26365652680397034","1584","1584","1584","0.19524824619293213","0.19524824619293213","0.19524824619293213","1584","1584","1584","0.28328888875824615","0.28328888875824615","0.28328888875824615"
"131","1596","1596","1596","0.2596941888332367","0.2596941888332367","0.2596941888332367","1596","1596","1596","0.1842479109764099","0.1842479109764099","0.1842479109764099","1596","1596","1596","0.2772110539972594","0.2772110539972594","0.2772110539972594"
"132","1608","1608","1608","0.25405779480934143","0.25405779480934143","0.25405779480934143","1608","1608","1608","0.18951928615570068","0.18951928615570068","0.18951928615570068","1608","1608","1608","0.28621149923570766","0.28621149923570766","0.28621149923570766"
"133","1620","1620","1620","0.2504916489124298","0.2504916489124298","0.2504916489124298","1620","1620","1620","0.18768295645713806","0.18768295645713806","0.18768295645713806","1620","1620","1620","0.2863196555013003","0.2863196555013003","0.2863196555013003"
"134","1632","1632","1632","0.26221808791160583","0.26221808791160583","0.26221808791160583","1632","1632","1632","0.1935957372188568","0.1935957372188568","0.1935957372188568","1632","1632","1632","0.2677440177106245","0.2677440177106245","0.2677440177106245"
"135","1644","1644","1644","0.25700902938842773","0.25700902938842773","0.25700902938842773","1644","1644","1644","0.20123380422592163","0.20123380422592163","0.20123380422592163","1644","1644","1644","0.2864866615956584","0.2864866615956584","0.2864866615956584"
"136","1656","1656","1656","0.2693881094455719","0.2693881094455719","0.2693881094455719","1656","1656","1656","0.200217142701149","0.200217142701149","0.200217142701149","1656","1656","1656","0.28761701389631067","0.28761701389631067","0.28761701389631067"
"137","1668","1668","1668","0.27428457140922546","0.27428457140922546","0.27428457140922546","1668","1668","1668","0.19461610913276672","0.19461610913276672","0.19461610913276672","1668","1668","1668","0.29630061722130685","0.29630061722130685","0.29630061722130685"
"138","1680","1680","1680","0.2592768371105194","0.2592768371105194","0.2592768371105194","1680","1680","1680","0.1937394142150879","0.1937394142150879","0.1937394142150879","1680","1680","1680","0.28884842011742284","0.28884842011742284","0.28884842011742284"
"139","1693","1693","1693","0.2593457102775574","0.2593457102775574","0.2593457102775574","1693","1693","1693","0.20216533541679382","0.20216533541679382","0.20216533541679382","1693","1693","1693","0.2811997328260126","0.2811997328260126","0.2811997328260126"
"140","1705","1705","1705","0.2640266716480255","0.2640266716480255","0.2640266716480255","1705","1705","1705","0.1905485838651657","0.1905485838651657","0.1905485838651657","1705","1705","1705","0.28193242239344085","0.28193242239344085","0.28193242239344085"
"141","1717","1717","1717","0.26628735661506653","0.26628735661506653","0.26628735661506653","1717","1717","1717","0.18577031791210175","0.18577031791210175","0.18577031791210175","1717","1717","1717","0.28013376967687925","0.28013376967687925","0.28013376967687925"
"142","1729","1729","1729","0.2568633258342743","0.2568633258342743","0.2568633258342743","1729","1729","1729","0.19186663627624512","0.19186663627624512","0.19186663627624512","1729","1729","1729","0.279706566695839","0.279706566695839","0.279706566695839"
"143","1741","1741","1741","0.24953849613666534","0.24953849613666534","0.24953849613666534","1741","1741","1741","0.19314594566822052","0.19314594566822052","0.19314594566822052","1741","1741","1741","0.2867222329015347","0.2867222329015347","0.2867222329015347"
"144","1753","1753","1753","0.2637050449848175","0.2637050449848175","0.2637050449848175","1753","1753","1753","0.1986270397901535","0.1986270397901535","0.1986270397901535","1753","1753","1753","0.29174565874242936","0.29174565874242936","0.29174565874242936"
"145","1765","1765","1765","0.26690253615379333","0.26690253615379333","0.26690253615379333","1765","1765","1765","0.19787919521331787","0.19787919521331787","0.19787919521331787","1765","1765","1765","0.2848973802060822","0.2848973802060822","0.2848973802060822"
"146","1777","1777","1777","0.2653571665287018","0.2653571665287018","0.2653571665287018","1777","1777","1777","0.19110986590385437","0.19110986590385437","0.19110986590385437","1777","1777","1777","0.28928176157656393","0.28928176157656393","0.28928176157656393"
"147","1789","1789","1789","0.2686913013458252","0.2686913013458252","0.2686913013458252","1789","1789","1789","0.19917742908000946","0.19917742908000946","0.19917742908000946","1789","1789","1789","0.2833870580886833","0.2833870580886833","0.2833870580886833"
"148","1801","1801","1801","0.2657865881919861","0.2657865881919861","0.2657865881919861","1801","1801","1801","0.20346608757972717","0.20346608757972717","0.20346608757972717","1801","1801","1801","0.28218851932247224","0.28218851932247224","0.28218851932247224"
"149","1814","1814","1814","0.26779380440711975","0.26779380440711975","0.26779380440711975","1814","1814","1814","0.19888807833194733","0.19888807833194733","0.19888807833194733","1814","1814","1814","0.2939964244225003","0.2939964244225003","0.2939964244225003"
"150","1826","1826","1826","0.26065313816070557","0.26065313816070557","0.26065313816070557","1826","1826","1826","0.20172300934791565","0.20172300934791565","0.20172300934791565","1826","1826","1826","0.28464247478755017","0.28464247478755017","0.28464247478755017"
"151","1838","1838","1838","0.26794180274009705","0.26794180274009705","0.26794180274009705","1838","1838","1838","0.20011398196220398","0.20011398196220398","0.20011398196220398","1838","1838","1838","0.2918036452747234","0.2918036452747234","0.2918036452747234"
"152","1850","1850","1850","0.260822594165802","0.260822594165802","0.260822594165802","1850","1850","1850","0.19553397595882416","0.19553397595882416","0.19553397595882416","1850","1850","1850","0.2733879757747249","0.2733879757747249","0.2733879757747249"
"153","1862","1862","1862","0.26352444291114807","0.26352444291114807","0.26352444291114807","1862","1862","1862","0.20050136744976044","0.20050136744976044","0.20050136744976044","1862","1862","1862","0.2786666134684319","0.2786666134684319","0.2786666134684319"
"154","1874","1874","1874","0.27055999636650085","0.27055999636650085","0.27055999636650085","1874","1874","1874","0.20595014095306396","0.20595014095306396","0.20595014095306396","1874","1874","1874","0.27693702887586313","0.27693702887586313","0.27693702887586313"
"155","1886","1886","1886","0.2664186954498291","0.2664186954498291","0.2664186954498291","1886","1886","1886","0.20233695209026337","0.20233695209026337","0.20233695209026337","1886","1886","1886","0.2836109394812479","0.2836109394812479","0.2836109394812479"
"156","1898","1898","1898","0.26691174507141113","0.26691174507141113","0.26691174507141113","1898","1898","1898","0.19066758453845978","0.19066758453845978","0.19066758453845978","1898","1898","1898","0.2877826869536196","0.2877826869536196","0.2877826869536196"
"157","1910","1910","1910","0.27710992097854614","0.27710992097854614","0.27710992097854614","1910","1910","1910","0.2145930528640747","0.2145930528640747","0.2145930528640747","1910","1910","1910","0.28942700324849036","0.28942700324849036","0.28942700324849036"
"158","1922","1922","1922","0.26622098684310913","0.26622098684310913","0.26622098684310913","1922","1922","1922","0.19762282073497772","0.19762282073497772","0.19762282073497772","1922","1922","1922","0.2824031543853362","0.2824031543853362","0.2824031543853362"
"159","1935","1935","1935","0.2684246003627777","0.2684246003627777","0.2684246003627777","1935","1935","1935","0.2119482010602951","0.2119482010602951","0.2119482010602951","1935","1935","1935","0.27730735125729644","0.27730735125729644","0.27730735125729644"
"160","1947","1947","1947","0.2707650363445282","0.2707650363445282","0.2707650363445282","1947","1947","1947","0.2091146856546402","0.2091146856546402","0.2091146856546402","1947","1947","1947","0.269126856628532","0.269126856628532","0.269126856628532"
"161","1959","1959","1959","0.2705724239349365","0.2705724239349365","0.2705724239349365","1959","1959","1959","0.18716423213481903","0.18716423213481903","0.18716423213481903","1959","1959","1959","0.28750567709471253","0.28750567709471253","0.28750567709471253"
"162","1971","1971","1971","0.2817583680152893","0.2817583680152893","0.2817583680152893","1971","1971","1971","0.19835221767425537","0.19835221767425537","0.19835221767425537","1971","1971","1971","0.2922288282653524","0.2922288282653524","0.2922288282653524"
"163","1983","1983","1983","0.27514898777008057","0.27514898777008057","0.27514898777008057","1983","1983","1983","0.2089419811964035","0.2089419811964035","0.2089419811964035","1983","1983","1983","0.27642891472073317","0.27642891472073317","0.27642891472073317"
"164","1995","1995","1995","0.274525910615921","0.274525910615921","0.274525910615921","1995","1995","1995","0.21768659353256226","0.21768659353256226","0.21768659353256226","1995","1995","1995","0.2873481093615604","0.2873481093615604","0.2873481093615604"
"165","2007","2007","2007","0.2754876911640167","0.2754876911640167","0.2754876911640167","2007","2007","2007","0.1977742612361908","0.1977742612361908","0.1977742612361908","2007","2007","2007","0.2805164680182121","0.2805164680182121","0.2805164680182121"
"166","2019","2019","2019","0.26605501770973206","0.26605501770973206","0.26605501770973206","2019","2019","2019","0.2032725214958191","0.2032725214958191","0.2032725214958191","2019","2019","2019","0.2891992046685667","0.2891992046685667","0.2891992046685667"
"167","2031","2031","2031","0.27722373604774475","0.27722373604774475","0.27722373604774475","2031","2031","2031","0.21262677013874054","0.21262677013874054","0.21262677013874054","2031","2031","2031","0.28659465047920674","0.28659465047920674","0.28659465047920674"
"168","2043","2043","2043","0.2718746066093445","0.2718746066093445","0.2718746066093445","2043","2043","2043","0.20901285111904144","0.20901285111904144","0.20901285111904144","2043","2043","2043","0.2883449816543175","0.2883449816543175","0.2883449816543175"
"169","2056","2056","2056","0.2845053970813751","0.2845053970813751","0.2845053970813751","2056","2056","2056","0.21441064774990082","0.21441064774990082","0.21441064774990082","2056","2056","2056","0.2973821164933757","0.2973821164933757","0.2973821164933757"
"170","2068","2068","2068","0.27695131301879883","0.27695131301879883","0.27695131301879883","2068","2068","2068","0.21895071864128113","0.21895071864128113","0.21895071864128113","2068","2068","2068","0.2987964716698637","0.2987964716698637","0.2987964716698637"
"171","2080","2080","2080","0.2665420174598694","0.2665420174598694","0.2665420174598694","2080","2080","2080","0.21689710021018982","0.21689710021018982","0.21689710021018982","2080","2080","2080","0.27921381556087543","0.27921381556087543","0.27921381556087543"
"172","2092","2092","2092","0.2779037654399872","0.2779037654399872","0.2779037654399872","2092","2092","2092","0.21947909891605377","0.21947909891605377","0.21947909891605377","2092","2092","2092","0.2874206707035903","0.2874206707035903","0.2874206707035903"
"173","2104","2104","2104","0.2703073024749756","0.2703073024749756","0.2703073024749756","2104","2104","2104","0.20908382534980774","0.20908382534980774","0.20908382534980774","2104","2104","2104","0.2857893232391179","0.2857893232391179","0.2857893232391179"
"174","2116","2116","2116","0.25964435935020447","0.25964435935020447","0.25964435935020447","2116","2116","2116","0.2153380960226059","0.2153380960226059","0.2153380960226059","2116","2116","2116","0.28648971559038044","0.28648971559038044","0.28648971559038044"
"175","2128","2128","2128","0.27206647396087646","0.27206647396087646","0.27206647396087646","2128","2128","2128","0.21323245763778687","0.21323245763778687","0.21323245763778687","2128","2128","2128","0.28723327902426576","0.28723327902426576","0.28723327902426576"
"176","2140","2140","2140","0.2710648477077484","0.2710648477077484","0.2710648477077484","2140","2140","2140","0.21954679489135742","0.21954679489135742","0.21954679489135742","2140","2140","2140","0.28253922993899333","0.28253922993899333","0.28253922993899333"
"177","2152","2152","2152","0.2702552080154419","0.2702552080154419","0.2702552080154419","2152","2152","2152","0.21585839986801147","0.21585839986801147","0.21585839986801147","2152","2152","2152","0.2937750841451369","0.2937750841451369","0.2937750841451369"
"178","2164","2164","2164","0.27301841974258423","0.27301841974258423","0.27301841974258423","2164","2164","2164","0.21563798189163208","0.21563798189163208","0.21563798189163208","2164","2164","2164","0.27863786554573966","0.27863786554573966","0.27863786554573966"
"179","2177","2177","2177","0.2760787606239319","0.2760787606239319","0.2760787606239319","2177","2177","2177","0.218325674533844","0.218325674533844","0.218325674533844","2177","2177","2177","0.28992199647533146","0.28992199647533146","0.28992199647533146"
"180","2189","2189","2189","0.27868613600730896","0.27868613600730896","0.27868613600730896","2189","2189","2189","0.20481351017951965","0.20481351017951965","0.20481351017951965","2189","2189","2189","0.2941802620465519","0.2941802620465519","0.2941802620465519"
"181","2201","2201","2201","0.27065613865852356","0.27065613865852356","0.27065613865852356","2201","2201","2201","0.21603868901729584","0.21603868901729584","0.21603868901729584","2201","2201","2201","0.2833027206970562","0.2833027206970562","0.2833027206970562"
"182","2213","2213","2213","0.2794692814350128","0.2794692814350128","0.2794692814350128","2213","2213","2213","0.20642249286174774","0.20642249286174774","0.20642249286174774","2213","2213","2213","0.28435635887910565","0.28435635887910565","0.28435635887910565"
"183","2225","2225","2225","0.28234559297561646","0.28234559297561646","0.28234559297561646","2225","2225","2225","0.2110179364681244","0.2110179364681244","0.2110179364681244","2225","2225","2225","0.2823947365933937","0.2823947365933937","0.2823947365933937"
"184","2237","2237","2237","0.2725951075553894","0.2725951075553894","0.2725951075553894","2237","2237","2237","0.21245811879634857","0.21245811879634857","0.21245811879634857","2237","2237","2237","0.281640570358982","0.281640570358982","0.281640570358982"
"185","2249","2249","2249","0.28029903769493103","0.28029903769493103","0.28029903769493103","2249","2249","2249","0.2172892838716507","0.2172892838716507","0.2172892838716507","2249","2249","2249","0.2822428203384188","0.2822428203384188","0.2822428203384188"
"186","2261","2261","2261","0.26920267939567566","0.26920267939567566","0.26920267939567566","2261","2261","2261","0.20782813429832458","0.20782813429832458","0.20782813429832458","2261","2261","2261","0.28678185953424823","0.28678185953424823","0.28678185953424823"
"187","2273","2273","2273","0.27412334084510803","0.27412334084510803","0.27412334084510803","2273","2273","2273","0.21727585792541504","0.21727585792541504","0.21727585792541504","2273","2273","2273","0.28919216764014505","0.28919216764014505","0.28919216764014505"
"188","2285","2285","2285","0.2903532087802887","0.2903532087802887","0.2903532087802887","2285","2285","2285","0.22898826003074646","0.22898826003074646","0.22898826003074646","2285","2285","2285","0.2863234667536332","0.2863234667536332","0.2863234667536332"
"189","2298","2298","2298","0.2837599813938141","0.2837599813938141","0.2837599813938141","2298","2298","2298","0.22287136316299438","0.22287136316299438","0.22287136316299438","2298","2298","2298","0.2895270777271581","0.2895270777271581","0.2895270777271581"
"190","2310","2310","2310","0.294670045375824","0.294670045375824","0.294670045375824","2310","2310","2310","0.21608266234397888","0.21608266234397888","0.21608266234397888","2310","2310","2310","0.29290566256016476","0.29290566256016476","0.29290566256016476"
"191","2322","2322","2322","0.27424779534339905","0.27424779534339905","0.27424779534339905","2322","2322","2322","0.21941614151000977","0.21941614151000977","0.21941614151000977","2322","2322","2322","0.29095680521049183","0.29095680521049183","0.29095680521049183"
"192","2334","2334","2334","0.27635613083839417","0.27635613083839417","0.27635613083839417","2334","2334","2334","0.21795034408569336","0.21795034408569336","0.21795034408569336","2334","2334","2334","0.2907697020019869","0.2907697020019869","0.2907697020019869"
"193","2346","2346","2346","0.2871397137641907","0.2871397137641907","0.2871397137641907","2346","2346","2346","0.22751274704933167","0.22751274704933167","0.22751274704933167","2346","2346","2346","0.288306845832166","0.288306845832166","0.288306845832166"
"194","2358","2358","2358","0.2804546654224396","0.2804546654224396","0.2804546654224396","2358","2358","2358","0.21893596649169922","0.21893596649169922","0.21893596649169922","2358","2358","2358","0.2771232831559841","0.2771232831559841","0.2771232831559841"
"195","2370","2370","2370","0.2787887454032898","0.2787887454032898","0.2787887454032898","2370","2370","2370","0.22205518186092377","0.22205518186092377","0.22205518186092377","2370","2370","2370","0.2937486043103078","0.2937486043103078","0.2937486043103078"
"196","2382","2382","2382","0.28487929701805115","0.28487929701805115","0.28487929701805115","2382","2382","2382","0.21667759120464325","0.21667759120464325","0.21667759120464325","2382","2382","2382","0.29763728249342414","0.29763728249342414","0.29763728249342414"
"197","2394","2394","2394","0.2795144319534302","0.2795144319534302","0.2795144319534302","2394","2394","2394","0.20659738779067993","0.20659738779067993","0.20659738779067993","2394","2394","2394","0.28832000661234625","0.28832000661234625","0.28832000661234625"
"198","2406","2406","2406","0.2720750570297241","0.2720750570297241","0.2720750570297241","2406","2406","2406","0.22511020302772522","0.22511020302772522","0.22511020302772522","2406","2406","2406","0.29693444374334726","0.29693444374334726","0.29693444374334726"
"199","2419","2419","2419","0.2852187752723694","0.2852187752723694","0.2852187752723694","2419","2419","2419","0.21897096931934357","0.21897096931934357","0.21897096931934357","2419","2419","2419","0.2892807107055446","0.2892807107055446","0.2892807107055446"
"200","2431","2431","2431","0.27990397810935974","0.27990397810935974","0.27990397810935974","2431","2431","2431","0.2252667099237442","0.2252667099237442","0.2252667099237442","2431","2431","2431","0.2818000410198106","0.2818000410198106","0.2818000410198106"
"201","2443","2443","2443","0.27812984585762024","0.27812984585762024","0.27812984585762024","2443","2443","2443","0.22182750701904297","0.22182750701904297","0.22182750701904297","2443","2443","2443","0.2945953378786918","0.2945953378786918","0.2945953378786918"
"202","2455","2455","2455","0.2655792534351349","0.2655792534351349","0.2655792534351349","2455","2455","2455","0.2251022458076477","0.2251022458076477","0.2251022458076477","2455","2455","2455","0.29224170756195983","0.29224170756195983","0.29224170756195983"
"203","2467","2467","2467","0.2780560553073883","0.2780560553073883","0.2780560553073883","2467","2467","2467","0.22537918388843536","0.22537918388843536","0.22537918388843536","2467","2467","2467","0.2907706798475586","0.2907706798475586","0.2907706798475586"
"204","2479","2479","2479","0.2930341958999634","0.2930341958999634","0.2930341958999634","2479","2479","2479","0.2299404740333557","0.2299404740333557","0.2299404740333557","2479","2479","2479","0.28679196119121514","0.28679196119121514","0.28679196119121514"
"205","2491","2491","2491","0.26817673444747925","0.26817673444747925","0.26817673444747925","2491","2491","2491","0.22617951035499573","0.22617951035499573","0.22617951035499573","2491","2491","2491","0.2920042188895382","0.2920042188895382","0.2920042188895382"
"206","2503","2503","2503","0.2743263840675354","0.2743263840675354","0.2743263840675354","2503","2503","2503","0.2315548062324524","0.2315548062324524","0.2315548062324524","2503","2503","2503","0.28972941380297057","0.28972941380297057","0.28972941380297057"
"207","2515","2515","2515","0.2784968316555023","0.2784968316555023","0.2784968316555023","2515","2515","2515","0.21934638917446136","0.21934638917446136","0.21934638917446136","2515","2515","2515","0.284118310526295","0.284118310526295","0.284118310526295"
"208","2527","2527","2527","0.2743225693702698","0.2743225693702698","0.2743225693702698","2527","2527","2527","0.23028619587421417","0.23028619587421417","0.23028619587421417","2527","2527","2527","0.28975221877444846","0.28975221877444846","0.28975221877444846"
"209","2540","2540","2540","0.2884370684623718","0.2884370684623718","0.2884370684623718","2540","2540","2540","0.2354632467031479","0.2354632467031479","0.2354632467031479","2540","2540","2540","0.2863724987788202","0.2863724987788202","0.2863724987788202"
"210","2552","2552","2552","0.2821652889251709","0.2821652889251709","0.2821652889251709","2552","2552","2552","0.2353820651769638","0.2353820651769638","0.2353820651769638","2552","2552","2552","0.29521292329766824","0.29521292329766824","0.29521292329766824"
"211","2564","2564","2564","0.28196433186531067","0.28196433186531067","0.28196433186531067","2564","2564","2564","0.2275623232126236","0.2275623232126236","0.2275623232126236","2564","2564","2564","0.29755594146183545","0.29755594146183545","0.29755594146183545"
"212","2576","2576","2576","0.2741488516330719","0.2741488516330719","0.2741488516330719","2576","2576","2576","0.23390810191631317","0.23390810191631317","0.23390810191631317","2576","2576","2576","0.2939118522428786","0.2939118522428786","0.2939118522428786"
"213","2588","2588","2588","0.2888137400150299","0.2888137400150299","0.2888137400150299","2588","2588","2588","0.23189817368984222","0.23189817368984222","0.23189817368984222","2588","2588","2588","0.29634475700060103","0.29634475700060103","0.29634475700060103"
"214","2600","2600","2600","0.2796545624732971","0.2796545624732971","0.2796545624732971","2600","2600","2600","0.23288287222385406","0.23288287222385406","0.23288287222385406","2600","2600","2600","0.28804862944413895","0.28804862944413895","0.28804862944413895"
"215","2612","2612","2612","0.2805580198764801","0.2805580198764801","0.2805580198764801","2612","2612","2612","0.22915855050086975","0.22915855050086975","0.22915855050086975","2612","2612","2612","0.302741094705979","0.302741094705979","0.302741094705979"
"216","2624","2624","2624","0.2953171730041504","0.2953171730041504","0.2953171730041504","2624","2624","2624","0.23307886719703674","0.23307886719703674","0.23307886719703674","2624","2624","2624","0.30542154262261983","0.30542154262261983","0.30542154262261983"
"217","2636","2636","2636","0.2806265652179718","0.2806265652179718","0.2806265652179718","2636","2636","2636","0.23041026294231415","0.23041026294231415","0.23041026294231415","2636","2636","2636","0.2937034329582991","0.2937034329582991","0.2937034329582991"
"218","2648","2648","2648","0.28377479314804077","0.28377479314804077","0.28377479314804077","2648","2648","2648","0.23358051478862762","0.23358051478862762","0.23358051478862762","2648","2648","2648","0.3018253534790548","0.3018253534790548","0.3018253534790548"
"219","2661","2661","2661","0.2888595759868622","0.2888595759868622","0.2888595759868622","2661","2661","2661","0.23775166273117065","0.23775166273117065","0.23775166273117065","2661","2661","2661","0.29034220969626756","0.29034220969626756","0.29034220969626756"
"220","2673","2673","2673","0.28018274903297424","0.28018274903297424","0.28018274903297424","2673","2673","2673","0.23268866539001465","0.23268866539001465","0.23268866539001465","2673","2673","2673","0.2960445091090693","0.2960445091090693","0.2960445091090693"
"221","2685","2685","2685","0.276205837726593","0.276205837726593","0.276205837726593","2685","2685","2685","0.23082399368286133","0.23082399368286133","0.23082399368286133","2685","2685","2685","0.2981390602365687","0.2981390602365687","0.2981390602365687"
"222","2697","2697","2697","0.28514498472213745","0.28514498472213745","0.28514498472213745","2697","2697","2697","0.2334124594926834","0.2334124594926834","0.2334124594926834","2697","2697","2697","0.29957782326735255","0.29957782326735255","0.29957782326735255"
"223","2709","2709","2709","0.28472843766212463","0.28472843766212463","0.28472843766212463","2709","2709","2709","0.21802839636802673","0.21802839636802673","0.21802839636802673","2709","2709","2709","0.2964351773655959","0.2964351773655959","0.2964351773655959"
"224","2721","2721","2721","0.28852319717407227","0.28852319717407227","0.28852319717407227","2721","2721","2721","0.2402285933494568","0.2402285933494568","0.2402285933494568","2721","2721","2721","0.2941076069937322","0.2941076069937322","0.2941076069937322"
"225","2733","2733","2733","0.28156667947769165","0.28156667947769165","0.28156667947769165","2733","2733","2733","0.23595014214515686","0.23595014214515686","0.23595014214515686","2733","2733","2733","0.2897562302228151","0.2897562302228151","0.2897562302228151"
"226","2745","2745","2745","0.28571516275405884","0.28571516275405884","0.28571516275405884","2745","2745","2745","0.24407175183296204","0.24407175183296204","0.24407175183296204","2745","2745","2745","0.28986771329356564","0.28986771329356564","0.28986771329356564"
"227","2757","2757","2757","0.2923484742641449","0.2923484742641449","0.2923484742641449","2757","2757","2757","0.24317261576652527","0.24317261576652527","0.24317261576652527","2757","2757","2757","0.30090790802468","0.30090790802468","0.30090790802468"
"228","2769","2769","2769","0.2917611300945282","0.2917611300945282","0.2917611300945282","2769","2769","2769","0.2417023628950119","0.2417023628950119","0.2417023628950119","2769","2769","2769","0.2895500079732216","0.2895500079732216","0.2895500079732216"
"229","2782","2782","2782","0.2901875674724579","0.2901875674724579","0.2901875674724579","2782","2782","2782","0.2347722053527832","0.2347722053527832","0.2347722053527832","2782","2782","2782","0.28747199927297595","0.28747199927297595","0.28747199927297595"
"230","2794","2794","2794","0.2909376621246338","0.2909376621246338","0.2909376621246338","2794","2794","2794","0.23504091799259186","0.23504091799259186","0.23504091799259186","2794","2794","2794","0.2896685277852388","0.2896685277852388","0.2896685277852388"
"231","2806","2806","2806","0.28787344694137573","0.28787344694137573","0.28787344694137573","2806","2806","2806","0.23545026779174805","0.23545026779174805","0.23545026779174805","2806","2806","2806","0.29507875047501764","0.29507875047501764","0.29507875047501764"
"232","2818","2818","2818","0.2801116108894348","0.2801116108894348","0.2801116108894348","2818","2818","2818","0.2482568919658661","0.2482568919658661","0.2482568919658661","2818","2818","2818","0.2949840446520137","0.2949840446520137","0.2949840446520137"
"233","2830","2830","2830","0.29601970314979553","0.29601970314979553","0.29601970314979553","2830","2830","2830","0.25175002217292786","0.25175002217292786","0.25175002217292786","2830","2830","2830","0.3036052399327162","0.3036052399327162","0.3036052399327162"
"234","2842","2842","2842","0.29488885402679443","0.29488885402679443","0.29488885402679443","2842","2842","2842","0.2426287978887558","0.2426287978887558","0.2426287978887558","2842","2842","2842","0.29726104645319773","0.29726104645319773","0.29726104645319773"
"235","2854","2854","2854","0.28255268931388855","0.28255268931388855","0.28255268931388855","2854","2854","2854","0.23425714671611786","0.23425714671611786","0.23425714671611786","2854","2854","2854","0.29964306818312614","0.29964306818312614","0.29964306818312614"
"236","2866","2866","2866","0.28432318568229675","0.28432318568229675","0.28432318568229675","2866","2866","2866","0.22255510091781616","0.22255510091781616","0.22255510091781616","2866","2866","2866","0.29821113333643917","0.29821113333643917","0.29821113333643917"
"237","2878","2878","2878","0.2824365794658661","0.2824365794658661","0.2824365794658661","2878","2878","2878","0.24382300674915314","0.24382300674915314","0.24382300674915314","2878","2878","2878","0.3027242415664647","0.3027242415664647","0.3027242415664647"
"238","2890","2890","2890","0.2903488576412201","0.2903488576412201","0.2903488576412201","2890","2890","2890","0.24411945044994354","0.24411945044994354","0.24411945044994354","2890","2890","2890","0.291502058248929","0.291502058248929","0.291502058248929"
"239","2903","2903","2903","0.2957993447780609","0.2957993447780609","0.2957993447780609","2903","2903","2903","0.2461390197277069","0.2461390197277069","0.2461390197277069","2903","2903","2903","0.30050443409049166","0.30050443409049166","0.30050443409049166"
"240","2915","2915","2915","0.2860557436943054","0.2860557436943054","0.2860557436943054","2915","2915","2915","0.23799684643745422","0.23799684643745422","0.23799684643745422","2915","2915","2915","0.2807491809210652","0.2807491809210652","0.2807491809210652"
"241","2927","2927","2927","0.2950226068496704","0.2950226068496704","0.2950226068496704","2927","2927","2927","0.24462442100048065","0.24462442100048065","0.24462442100048065","2927","2927","2927","0.2978815608756886","0.2978815608756886","0.2978815608756886"
"242","2939","2939","2939","0.28999295830726624","0.28999295830726624","0.28999295830726624","2939","2939","2939","0.2456502765417099","0.2456502765417099","0.2456502765417099","2939","2939","2939","0.2979748082206212","0.2979748082206212","0.2979748082206212"
"243","2951","2951","2951","0.29300960898399353","0.29300960898399353","0.29300960898399353","2951","2951","2951","0.2469983696937561","0.2469983696937561","0.2469983696937561","2951","2951","2951","0.2944989707800389","0.2944989707800389","0.2944989707800389"
"244","2963","2963","2963","0.29254573583602905","0.29254573583602905","0.29254573583602905","2963","2963","2963","0.24991324543952942","0.24991324543952942","0.24991324543952942","2963","2963","2963","0.28642277855521314","0.28642277855521314","0.28642277855521314"
"245","2975","2975","2975","0.2903755307197571","0.2903755307197571","0.2903755307197571","2975","2975","2975","0.2469707876443863","0.2469707876443863","0.2469707876443863","2975","2975","2975","0.29498204471264283","0.29498204471264283","0.29498204471264283"
"246","2987","2987","2987","0.28785276412963867","0.28785276412963867","0.28785276412963867","2987","2987","2987","0.2561630606651306","0.2561630606651306","0.2561630606651306","2987","2987","2987","0.29486741502526986","0.29486741502526986","0.29486741502526986"
"247","2999","2999","2999","0.29728418588638306","0.29728418588638306","0.29728418588638306","2999","2999","2999","0.24896833300590515","0.24896833300590515","0.24896833300590515","2999","2999","2999","0.296479959607663","0.296479959607663","0.296479959607663"
"248","3011","3011","3011","0.2856966257095337","0.2856966257095337","0.2856966257095337","3011","3011","3011","0.2474273443222046","0.2474273443222046","0.2474273443222046","3011","3011","3011","0.30018521489529376","0.30018521489529376","0.30018521489529376"
"249","3024","3024","3024","0.2906298339366913","0.2906298339366913","0.2906298339366913","3024","3024","3024","0.2530546188354492","0.2530546188354492","0.2530546188354492","3024","3024","3024","0.2960032996292818","0.2960032996292818","0.2960032996292818"
"250","3036","3036","3036","0.293947696685791","0.293947696685791","0.293947696685791","3036","3036","3036","0.2552875280380249","0.2552875280380249","0.2552875280380249","3036","3036","3036","0.3098627939653807","0.3098627939653807","0.3098627939653807"
"251","3048","3048","3048","0.29122716188430786","0.29122716188430786","0.29122716188430786","3048","3048","3048","0.2513105273246765","0.2513105273246765","0.2513105273246765","3048","3048","3048","0.3028525473186789","0.3028525473186789","0.3028525473186789"
"252","3060","3060","3060","0.29073262214660645","0.29073262214660645","0.29073262214660645","3060","3060","3060","0.2496930956840515","0.2496930956840515","0.2496930956840515","3060","3060","3060","0.3004275608435747","0.3004275608435747","0.3004275608435747"
"253","3072","3072","3072","0.2846010625362396","0.2846010625362396","0.2846010625362396","3072","3072","3072","0.25661689043045044","0.25661689043045044","0.25661689043045044","3072","3072","3072","0.31151454102029363","0.31151454102029363","0.31151454102029363"
"254","3084","3084","3084","0.2914476990699768","0.2914476990699768","0.2914476990699768","3084","3084","3084","0.25811144709587097","0.25811144709587097","0.25811144709587097","3084","3084","3084","0.3000589360605462","0.3000589360605462","0.3000589360605462"
"255","3096","3096","3096","0.2873902916908264","0.2873902916908264","0.2873902916908264","3096","3096","3096","0.25350290536880493","0.25350290536880493","0.25350290536880493","3096","3096","3096","0.2981305126325657","0.2981305126325657","0.2981305126325657"
"256","3108","3108","3108","0.27768850326538086","0.27768850326538086","0.27768850326538086","3108","3108","3108","0.23958323895931244","0.23958323895931244","0.23958323895931244","3108","3108","3108","0.3011817377834269","0.3011817377834269","0.3011817377834269"
"257","3120","3120","3120","0.29293352365493774","0.29293352365493774","0.29293352365493774","3120","3120","3120","0.25615572929382324","0.25615572929382324","0.25615572929382324","3120","3120","3120","0.3039389744945887","0.3039389744945887","0.3039389744945887"
"258","3132","3132","3132","0.2983081042766571","0.2983081042766571","0.2983081042766571","3132","3132","3132","0.2487913966178894","0.2487913966178894","0.2487913966178894","3132","3132","3132","0.2996281969856512","0.2996281969856512","0.2996281969856512"
"259","3145","3145","3145","0.29191452264785767","0.29191452264785767","0.29191452264785767","3145","3145","3145","0.2480877786874771","0.2480877786874771","0.2480877786874771","3145","3145","3145","0.3066426282618705","0.3066426282618705","0.3066426282618705"
"260","3157","3157","3157","0.29689472913742065","0.29689472913742065","0.29689472913742065","3157","3157","3157","0.26083430647850037","0.26083430647850037","0.26083430647850037","3157","3157","3157","0.30802052806590413","0.30802052806590413","0.30802052806590413"
"261","3169","3169","3169","0.28877758979797363","0.28877758979797363","0.28877758979797363","3169","3169","3169","0.2543371319770813","0.2543371319770813","0.2543371319770813","3169","3169","3169","0.30043743622294034","0.30043743622294034","0.30043743622294034"
"262","3181","3181","3181","0.29078736901283264","0.29078736901283264","0.29078736901283264","3181","3181","3181","0.2496347725391388","0.2496347725391388","0.2496347725391388","3181","3181","3181","0.3031809693659302","0.3031809693659302","0.3031809693659302"
"263","3193","3193","3193","0.3007567822933197","0.3007567822933197","0.3007567822933197","3193","3193","3193","0.2547723650932312","0.2547723650932312","0.2547723650932312","3193","3193","3193","0.30531936585016783","0.30531936585016783","0.30531936585016783"
"264","3205","3205","3205","0.2941242754459381","0.2941242754459381","0.2941242754459381","3205","3205","3205","0.25046053528785706","0.25046053528785706","0.25046053528785706","3205","3205","3205","0.30246151513705544","0.30246151513705544","0.30246151513705544"
"265","3217","3217","3217","0.29631784558296204","0.29631784558296204","0.29631784558296204","3217","3217","3217","0.25285249948501587","0.25285249948501587","0.25285249948501587","3217","3217","3217","0.30937258480584484","0.30937258480584484","0.30937258480584484"
"266","3229","3229","3229","0.29572638869285583","0.29572638869285583","0.29572638869285583","3229","3229","3229","0.2592107355594635","0.2592107355594635","0.2592107355594635","3229","3229","3229","0.3132164482624598","0.3132164482624598","0.3132164482624598"
"267","3241","3241","3241","0.299721360206604","0.299721360206604","0.299721360206604","3241","3241","3241","0.260932058095932","0.260932058095932","0.260932058095932","3241","3241","3241","0.30417946765645165","0.30417946765645165","0.30417946765645165"
"268","3253","3253","3253","0.29333826899528503","0.29333826899528503","0.29333826899528503","3253","3253","3253","0.2525778114795685","0.2525778114795685","0.2525778114795685","3253","3253","3253","0.3034533293516609","0.3034533293516609","0.3034533293516609"
"269","3266","3266","3266","0.2913273572921753","0.2913273572921753","0.2913273572921753","3266","3266","3266","0.2625715136528015","0.2625715136528015","0.2625715136528015","3266","3266","3266","0.3043627070585007","0.3043627070585007","0.3043627070585007"
"270","3278","3278","3278","0.2912295162677765","0.2912295162677765","0.2912295162677765","3278","3278","3278","0.25972241163253784","0.25972241163253784","0.25972241163253784","3278","3278","3278","0.30952830224104266","0.30952830224104266","0.30952830224104266"
"271","3290","3290","3290","0.29687589406967163","0.29687589406967163","0.29687589406967163","3290","3290","3290","0.26380929350852966","0.26380929350852966","0.26380929350852966","3290","3290","3290","0.3101410689518938","0.3101410689518938","0.3101410689518938"
"272","3302","3302","3302","0.30026310682296753","0.30026310682296753","0.30026310682296753","3302","3302","3302","0.2622406482696533","0.2622406482696533","0.2622406482696533","3302","3302","3302","0.3101402723903335","0.3101402723903335","0.3101402723903335"
"273","3314","3314","3314","0.2951638996601105","0.2951638996601105","0.2951638996601105","3314","3314","3314","0.2642343044281006","0.2642343044281006","0.2642343044281006","3314","3314","3314","0.30568456813828","0.30568456813828","0.30568456813828"
"274","3326","3326","3326","0.29108956456184387","0.29108956456184387","0.29108956456184387","3326","3326","3326","0.26442065834999084","0.26442065834999084","0.26442065834999084","3326","3326","3326","0.3059586204073702","0.3059586204073702","0.3059586204073702"
"275","3338","3338","3338","0.30276918411254883","0.30276918411254883","0.30276918411254883","3338","3338","3338","0.26544177532196045","0.26544177532196045","0.26544177532196045","3338","3338","3338","0.30811407118400025","0.30811407118400025","0.30811407118400025"
"276","3350","3350","3350","0.2974422872066498","0.2974422872066498","0.2974422872066498","3350","3350","3350","0.26331913471221924","0.26331913471221924","0.26331913471221924","3350","3350","3350","0.31192843357058386","0.31192843357058386","0.31192843357058386"
"277","3362","3362","3362","0.29898837208747864","0.29898837208747864","0.29898837208747864","3362","3362","3362","0.2638724148273468","0.2638724148273468","0.2638724148273468","3362","3362","3362","0.30778651269232726","0.30778651269232726","0.30778651269232726"
"278","3374","3374","3374","0.29508712887763977","0.29508712887763977","0.29508712887763977","3374","3374","3374","0.26207679510116577","0.26207679510116577","0.26207679510116577","3374","3374","3374","0.31076099228149323","0.31076099228149323","0.31076099228149323"
"279","3387","3387","3387","0.29659998416900635","0.29659998416900635","0.29659998416900635","3387","3387","3387","0.26242950558662415","0.26242950558662415","0.26242950558662415","3387","3387","3387","0.3101445345845291","0.3101445345845291","0.3101445345845291"
"280","3399","3399","3399","0.307748943567276","0.307748943567276","0.307748943567276","3399","3399","3399","0.26640480756759644","0.26640480756759644","0.26640480756759644","3399","3399","3399","0.31582857340323905","0.31582857340323905","0.31582857340323905"
"281","3411","3411","3411","0.30305710434913635","0.30305710434913635","0.30305710434913635","3411","3411","3411","0.26886388659477234","0.26886388659477234","0.26886388659477234","3411","3411","3411","0.31335276366707343","0.31335276366707343","0.31335276366707343"
"282","3423","3423","3423","0.3031497299671173","0.3031497299671173","0.3031497299671173","3423","3423","3423","0.26746389269828796","0.26746389269828796","0.26746389269828796","3423","3423","3423","0.31169486566044285","0.31169486566044285","0.31169486566044285"
"283","3435","3435","3435","0.3001069724559784","0.3001069724559784","0.3001069724559784","3435","3435","3435","0.26640650629997253","0.26640650629997253","0.26640650629997253","3435","3435","3435","0.30596251318963874","0.30596251318963874","0.30596251318963874"
"284","3447","3447","3447","0.29340803623199463","0.29340803623199463","0.29340803623199463","3447","3447","3447","0.26439008116722107","0.26439008116722107","0.26439008116722107","3447","3447","3447","0.31936915067915","0.31936915067915","0.31936915067915"
"285","3459","3459","3459","0.30178266763687134","0.30178266763687134","0.30178266763687134","3459","3459","3459","0.26346123218536377","0.26346123218536377","0.26346123218536377","3459","3459","3459","0.31942663295214224","0.31942663295214224","0.31942663295214224"
"286","3471","3471","3471","0.30811434984207153","0.30811434984207153","0.30811434984207153","3471","3471","3471","0.26647910475730896","0.26647910475730896","0.26647910475730896","3471","3471","3471","0.3157242295529775","0.3157242295529775","0.3157242295529775"
"287","3483","3483","3483","0.3016799986362457","0.3016799986362457","0.3016799986362457","3483","3483","3483","0.2713508605957031","0.2713508605957031","0.2713508605957031","3483","3483","3483","0.3134717093677353","0.3134717093677353","0.3134717093677353"
"288","3495","3495","3495","0.3029923439025879","0.3029923439025879","0.3029923439025879","3495","3495","3495","0.26989394426345825","0.26989394426345825","0.26989394426345825","3495","3495","3495","0.3181246439225293","0.3181246439225293","0.3181246439225293"
"289","3508","3508","3508","0.3080999553203583","0.3080999553203583","0.3080999553203583","3508","3508","3508","0.2726238965988159","0.2726238965988159","0.2726238965988159","3508","3508","3508","0.3137714346795873","0.3137714346795873","0.3137714346795873"
"290","3520","3520","3520","0.30251339077949524","0.30251339077949524","0.30251339077949524","3520","3520","3520","0.27251991629600525","0.27251991629600525","0.27251991629600525","3520","3520","3520","0.316142434333896","0.316142434333896","0.316142434333896"
"291","3532","3532","3532","0.30519673228263855","0.30519673228263855","0.30519673228263855","3532","3532","3532","0.2703733444213867","0.2703733444213867","0.2703733444213867","3532","3532","3532","0.31754149384734476","0.31754149384734476","0.31754149384734476"
"292","3544","3544","3544","0.30413901805877686","0.30413901805877686","0.30413901805877686","3544","3544","3544","0.2696759104728699","0.2696759104728699","0.2696759104728699","3544","3544","3544","0.3172427416550727","0.3172427416550727","0.3172427416550727"
"293","3556","3556","3556","0.3061468005180359","0.3061468005180359","0.3061468005180359","3556","3556","3556","0.27401793003082275","0.27401793003082275","0.27401793003082275","3556","3556","3556","0.31371517626268647","0.31371517626268647","0.31371517626268647"
"294","3568","3568","3568","0.30419793725013733","0.30419793725013733","0.30419793725013733","3568","3568","3568","0.27322983741760254","0.27322983741760254","0.27322983741760254","3568","3568","3568","0.31705986542524894","0.31705986542524894","0.31705986542524894"
"295","3580","3580","3580","0.3037867844104767","0.3037867844104767","0.3037867844104767","3580","3580","3580","0.2745572626590729","0.2745572626590729","0.2745572626590729","3580","3580","3580","0.3163957042845885","0.3163957042845885","0.3163957042845885"
"296","3592","3592","3592","0.3048602342605591","0.3048602342605591","0.3048602342605591","3592","3592","3592","0.2770244777202606","0.2770244777202606","0.2770244777202606","3592","3592","3592","0.31686135937132076","0.31686135937132076","0.31686135937132076"
"297","3604","3604","3604","0.30800676345825195","0.30800676345825195","0.30800676345825195","3604","3604","3604","0.2775474786758423","0.2775474786758423","0.2775474786758423","3604","3604","3604","0.31814018842827524","0.31814018842827524","0.31814018842827524"
"298","3616","3616","3616","0.3104928731918335","0.3104928731918335","0.3104928731918335","3616","3616","3616","0.27684858441352844","0.27684858441352844","0.27684858441352844","3616","3616","3616","0.31808444229535154","0.31808444229535154","0.31808444229535154"
"299","3629","3629","3629","0.30678820610046387","0.30678820610046387","0.30678820610046387","3629","3629","3629","0.2773294448852539","0.2773294448852539","0.2773294448852539","3629","3629","3629","0.3206526674658356","0.3206526674658356","0.3206526674658356"