"epoch","yv5s-coco-zipf-loss-weights-tuned - _step","yv5s-coco-zipf-loss-weights-tuned - _step__MIN","yv5s-coco-zipf-loss-weights-tuned - _step__MAX","yv5s-coco-zipf-loss-weights-tuned - obj","yv5s-coco-zipf-loss-weights-tuned - obj__MIN","yv5s-coco-zipf-loss-weights-tuned - obj__MAX","yv5s-coco-zipf-loss-weights - _step","yv5s-coco-zipf-loss-weights - _step__MIN","yv5s-coco-zipf-loss-weights - _step__MAX","yv5s-coco-zipf-loss-weights - obj","yv5s-coco-zipf-loss-weights - obj__MIN","yv5s-coco-zipf-loss-weights - obj__MAX","yv5s-coco-zipf - _step","yv5s-coco-zipf - _step__MIN","yv5s-coco-zipf - _step__MAX","yv5s-coco-zipf - obj","yv5s-coco-zipf - obj__MIN","yv5s-coco-zipf - obj__MAX"
"0","5.5","1","10","0.035494908690452576","0.03293894603848457","0.038341276347637177","5.5","1","10","0.03570343740284443","0.03291729465126991","0.038399770855903625","5.5","1","10","0.03514470458030701","0.031633343547582626","0.03723848611116409"
"1","17.5","13","22","0.03506866618990898","0.030931182205677032","0.03814953938126564","17.5","13","22","0.03545337803661823","0.03107651323080063","0.03795819729566574","17.5","13","22","0.034727543592453","0.0313374325633049","0.039864830672740936"
"2","29.5","25","34","0.03647932671010494","0.03328689932823181","0.03991822153329849","29.5","25","34","0.03595894351601601","0.03265593573451042","0.03936098888516426","29.5","25","34","0.03693997003138065","0.03293803706765175","0.04264817759394646"
"3","41.5","37","46","0.03758611418306827","0.03467855975031853","0.04052277281880379","41.5","37","46","0.03721962571144104","0.03419097512960434","0.040178678929805756","41.5","37","46","0.03525815643370152","0.031905706971883774","0.041414517909288406"
"4","53.5","49","58","0.0369661595672369","0.03195052221417427","0.041663240641355515","53.5","49","58","0.037206342071294786","0.03197813406586647","0.04161478206515312","53.5","49","58","0.03673099428415298","0.032318178564310074","0.04081110283732414"
"5","65.5","61","70","0.03628507144749164","0.034344062209129333","0.0394030399620533","65.5","61","70","0.03606083430349827","0.034462820738554","0.03903081640601158","65.5","61","70","0.03609373196959496","0.03234473243355751","0.038956522941589355"
"6","77.5","73","82","0.03533724769949913","0.032818667590618134","0.03689020872116089","77.5","73","82","0.03622692711651325","0.034156523644924164","0.03763256594538689","77.5","73","82","0.03487989790737629","0.03139200434088707","0.0376901812851429"
"7","89.5","85","94","0.03515071384608746","0.03268207982182503","0.03955892100930214","89.5","85","94","0.03592132031917572","0.032156527042388916","0.03945944830775261","89.5","85","94","0.03538550697267055","0.03303578123450279","0.03854928910732269"
"8","101.5","97","106","0.03527659736573696","0.03284350410103798","0.03863208368420601","101.5","97","106","0.036241470649838445","0.033937953412532806","0.038346704095602036","101.5","97","106","0.03600791953504086","0.03097500652074814","0.04041042551398277"
"9","114","109","119","0.03464009189470248","0.02949116751551628","0.04032628610730171","114","109","119","0.035763766447251495","0.030540676787495613","0.04162054508924484","114","109","119","0.03468300893225453","0.03022724948823452","0.03903956711292267"
"10","126.5","122","131","0.03497093729674816","0.032319992780685425","0.03812173008918762","126.5","122","131","0.03585785664618015","0.03297385573387146","0.03958394378423691","126.5","122","131","0.03471002615988254","0.030482962727546692","0.03878467530012131"
"11","138.5","134","143","0.033757146634161475","0.030052771791815758","0.03813852742314339","138.5","134","143","0.03502741288393736","0.03069794364273548","0.04012136533856392","138.5","134","143","0.033696471340954305","0.030630098655819893","0.03622514382004738"
"12","150.5","146","155","0.03349327184259891","0.029813216999173164","0.038945604115724564","150.5","146","155","0.03480896279215813","0.03169071301817894","0.04009614884853363","150.5","146","155","0.03477107733488083","0.02950901910662651","0.03874128684401512"
"13","162.5","158","167","0.03363231625407934","0.03070005401968956","0.039007965475320816","162.5","158","167","0.03537346906960011","0.03205186128616333","0.04073312133550644","162.5","158","167","0.03432794380933046","0.030422208830714226","0.03764661028981209"
"14","174.5","170","179","0.033978115394711496","0.03130825236439705","0.03767966106534004","174.5","170","179","0.0356915257871151","0.03251156583428383","0.03873038291931152","174.5","170","179","0.03358695972710848","0.030970467254519463","0.03670794144272804"
"15","186.5","182","191","0.034295371174812316","0.031341392546892166","0.036214131861925125","186.5","182","191","0.036025886237621305","0.03281840682029724","0.0381934717297554","186.5","182","191","0.034937435016036036","0.03160719946026802","0.037891291081905365"
"16","198.5","194","203","0.03383817747235298","0.03008081391453743","0.036711592227220535","198.5","194","203","0.035375964269042014","0.03171995282173157","0.03785789757966995","198.5","194","203","0.03335225433111191","0.031143251806497574","0.03667179122567177"
"17","210.5","206","215","0.033242376148700715","0.030329246073961258","0.03672991320490837","210.5","206","215","0.035034912079572676","0.032132912427186966","0.03949756547808647","210.5","206","215","0.03357517030090094","0.030835533514618874","0.03683730959892273"
"18","222.5","218","227","0.033610513992607595","0.027731407433748245","0.03808673471212387","222.5","218","227","0.035864409431815146","0.029560627415776253","0.04079399257898331","222.5","218","227","0.032650824449956414","0.028143728151917458","0.03528452292084694"
"19","235","230","240","0.03338406996970827","0.029838979244232178","0.037502896040678024","235","230","240","0.03530698134140535","0.03202463686466217","0.03939438238739967","235","230","240","0.03206144408746199","0.02853964827954769","0.036290690302848816"
"20","247.5","243","252","0.03421946205198765","0.032102320343256","0.036285802721977234","247.5","243","252","0.03627449870109558","0.033264826983213425","0.03858720138669014","247.5","243","252","0.03300038259476423","0.027010472491383553","0.03588251769542694"
"21","259.5","255","264","0.03339412324130535","0.030901066958904266","0.03646956384181976","259.5","255","264","0.035662883520126344","0.03312397748231888","0.03853456303477287","259.5","255","264","0.034673643112182614","0.030679922550916672","0.03742481768131256"
"22","271.5","267","276","0.03408470489084721","0.030719194561243057","0.03726484626531601","271.5","267","276","0.0364381805062294","0.03325630724430084","0.039170898497104645","271.5","267","276","0.03302767295390367","0.030267028138041496","0.036618638783693314"
"23","283.5","279","288","0.03357349541038275","0.02929222397506237","0.03769819438457489","283.5","279","288","0.03541167825460434","0.030871734023094177","0.03920132294297218","283.5","279","288","0.03346474356949329","0.028947703540325165","0.03619617968797684"
"24","295.5","291","300","0.03209147658199072","0.028811441734433174","0.03642088919878006","295.5","291","300","0.034382174350321294","0.030202755704522133","0.03900757431983948","295.5","291","300","0.03354045078158378","0.03136088699102402","0.03800801560282707"
"25","307.5","303","312","0.032799980416893956","0.02843957394361496","0.03501209244132042","307.5","303","312","0.03501920141279698","0.03145628422498703","0.03736869618296623","307.5","303","312","0.03346533123403787","0.029076319187879562","0.036752406507730484"
"26","319.5","315","324","0.03311075456440449","0.02917134016752243","0.03698823228478432","319.5","315","324","0.03521160371601582","0.03125699609518051","0.038980402052402496","319.5","315","324","0.03265446275472641","0.029497180134058","0.03529225289821625"
"27","331.5","327","336","0.03330375924706459","0.030532799661159515","0.03556973487138748","331.5","327","336","0.035512639582157134","0.032113101333379745","0.03810299560427666","331.5","327","336","0.03173279464244842","0.029076289385557175","0.03515748679637909"
"28","343.5","339","348","0.032630113512277605","0.029556237161159515","0.03479631990194321","343.5","339","348","0.035178600996732715","0.03205927088856697","0.03782583773136139","343.5","339","348","0.03311923798173666","0.030504601076245308","0.034678757190704346"
"29","356","351","361","0.03272024897689169","0.027181854471564293","0.03744218870997429","356","351","361","0.03521326099607078","0.02955090068280697","0.039896998554468155","356","351","361","0.03487930497662588","0.031212614849209785","0.03916976600885391"
"30","368.5","364","373","0.032946151308715345","0.030143817886710167","0.03599831461906433","368.5","364","373","0.03558472208678722","0.032002709805965424","0.04009275883436203","368.5","364","373","0.033877050317823884","0.031243564561009407","0.038411688059568405"
"31","380.5","376","385","0.031385103799402715","0.027230964973568916","0.03489502891898155","380.5","376","385","0.03429579064249992","0.030180279165506363","0.038191404193639755","380.5","376","385","0.03174238558858633","0.028340693563222885","0.035422638058662415"
"32","392.5","388","397","0.03164375815540552","0.028398647904396057","0.033281706273555756","392.5","388","397","0.03428963180631399","0.03069431520998478","0.035945162177085876","392.5","388","397","0.031287125498056415","0.02892906777560711","0.03297968581318855"
"33","404.5","400","409","0.03164973575621843","0.02691706456243992","0.03855719417333603","404.5","400","409","0.03447578269988298","0.029793595895171165","0.0418560616672039","404.5","400","409","0.030860971473157407","0.02932063117623329","0.03526991605758667"
"34","416.5","412","421","0.0321739487349987","0.02880973182618618","0.03560834005475044","416.5","412","421","0.03517667539417744","0.031512755900621414","0.03929384797811508","416.5","412","421","0.0325149554759264","0.030140727758407593","0.03648548200726509"
"35","428.5","424","433","0.031341050192713736","0.029018864035606384","0.03486430644989014","428.5","424","433","0.03415061570703983","0.03175488859415054","0.037669192999601364","428.5","424","433","0.031363027170300484","0.026890503242611885","0.03557534143328667"
"36","440.5","436","445","0.032355467602610585","0.030437234789133072","0.035010676831007004","440.5","436","445","0.03496857471764088","0.033464375883340836","0.03730369359254837","440.5","436","445","0.03205828070640564","0.02926524728536606","0.034951549023389816"
"37","452.5","448","457","0.03072290476411581","0.026922237128019333","0.033448830246925354","452.5","448","457","0.03340503983199596","0.028961528092622757","0.03638601303100586","452.5","448","457","0.03205605633556843","0.029226427897810936","0.03620239347219467"
"38","464.5","460","469","0.030319834500551222","0.028724802657961845","0.03300835192203522","464.5","460","469","0.0329985685646534","0.030895233154296875","0.03561761975288391","464.5","460","469","0.03133899290114641","0.026426605880260468","0.0354154109954834"
"39","477","472","482","0.03168912536718629","0.028684068471193314","0.03526086360216141","477","472","482","0.034661836583505974","0.03158564493060112","0.0386345311999321","477","472","482","0.03176295554096049","0.028433848172426224","0.03626299649477005"
"40","489.5","485","494","0.032154903188347815","0.029396217316389084","0.034855689853429794","489.5","485","494","0.03497892878949642","0.03214623034000397","0.03818684071302414","489.5","485","494","0.03322771470993757","0.030903996899724007","0.036083076149225235"
"41","501.5","497","506","0.032327073998749255","0.029589056968688965","0.03483668342232704","501.5","497","506","0.03524371907114983","0.03253670036792755","0.03755636513233185","501.5","497","506","0.03154296446591616","0.029846828430891037","0.03501419350504875"
"42","513.5","509","518","0.03193987347185612","0.029472069814801216","0.03452673554420471","513.5","509","518","0.03498118594288826","0.03197759762406349","0.037828054279088974","513.5","509","518","0.032358342036604884","0.0281333327293396","0.03508632257580757"
"43","525.5","521","530","0.030734786577522755","0.028780583292245865","0.03245082497596741","525.5","521","530","0.03371136337518692","0.03156711533665657","0.03518375754356384","525.5","521","530","0.031212438084185123","0.028783850371837616","0.03370284289121628"
"44","537.5","533","542","0.03154678028076887","0.02918827533721924","0.03380047529935837","537.5","533","542","0.034747007116675374","0.03193580359220505","0.03698918595910072","537.5","533","542","0.031228729523718357","0.029085641726851463","0.03417656943202019"
"45","549.5","545","554","0.03187944367527962","0.02904217690229416","0.036516591906547546","549.5","545","554","0.034851450473070145","0.03140072897076607","0.03987688943743706","549.5","545","554","0.03256751783192158","0.02848326601088047","0.03628551587462425"
"46","561.5","557","566","0.03137833140790462","0.027643879875540733","0.03488348796963692","561.5","557","566","0.03478110618889332","0.031388986855745316","0.0384196974337101","561.5","557","566","0.03150537945330143","0.028423544019460678","0.03427014872431755"
"47","573.5","569","578","0.031873632967472074","0.029405400156974792","0.0348343662917614","573.5","569","578","0.03488566055893898","0.03223120793700218","0.03785056620836258","573.5","569","578","0.030835019983351232","0.027844134718179703","0.03303305432200432"
"48","585.5","581","590","0.03104528449475765","0.02654380351305008","0.03401724621653557","585.5","581","590","0.034012780897319315","0.02900254912674427","0.03777850419282913","585.5","581","590","0.03005618304014206","0.02796999365091324","0.0323239266872406"
"49","598","593","603","0.03154186768965288","0.02692319080233574","0.03571980446577072","598","593","603","0.034558468582955276","0.03093302622437477","0.03883612900972366","598","593","603","0.03129501217468218","0.027464861050248146","0.03720792755484581"
"50","610.5","606","615","0.03145858105272055","0.02866140380501747","0.03434243053197861","610.5","606","615","0.03434949349611997","0.030489841476082802","0.037061791867017746","610.5","606","615","0.031915076449513434","0.02912195585668087","0.03450891375541687"
"51","622.5","618","627","0.031196695752441883","0.026222078129649162","0.03454155847430229","622.5","618","627","0.03436740804463625","0.029451387003064156","0.03730615973472595","622.5","618","627","0.03190642856061458","0.027084164321422577","0.037711795419454575"
"52","634.5","630","639","0.029949806071817874","0.027141259983181953","0.034584127366542816","634.5","630","639","0.03324462771415711","0.03078193962574005","0.03709424287080765","634.5","630","639","0.02953845411539078","0.026281174272298813","0.030733847990632057"
"53","646.5","642","651","0.030987792089581488","0.02780061960220337","0.03436240553855896","646.5","642","651","0.03404330294579268","0.03077428974211216","0.03723303601145744","646.5","642","651","0.030554078333079816","0.026458323001861572","0.03367225453257561"
"54","658.5","654","663","0.03218688108026981","0.028683127835392952","0.03484627231955528","658.5","654","663","0.03550781644880772","0.0316593274474144","0.038865767419338226","658.5","654","663","0.03146494794636965","0.027204617857933044","0.03659734129905701"
"55","670.5","666","675","0.03108352068811655","0.028152301907539368","0.03487139940261841","670.5","666","675","0.03404606524854899","0.029956910759210587","0.037582118064165115","670.5","666","675","0.031278432346880436","0.02684641443192959","0.03501735255122185"
"56","682.5","678","687","0.03168450891971588","0.030361412093043327","0.03475223854184151","682.5","678","687","0.034926386550068855","0.0333431251347065","0.03858105093240738","682.5","678","687","0.03133508712053299","0.027257461100816727","0.03576786443591118"
"57","694.5","690","699","0.031186537817120552","0.027753444388508797","0.034614961594343185","694.5","690","699","0.034378632344305514","0.03036256693303585","0.03792218118906021","694.5","690","699","0.030906601622700692","0.026900922879576683","0.03483923152089119"
"58","706.5","702","711","0.03023202158510685","0.024215783923864365","0.03320389986038208","706.5","702","711","0.033417591080069545","0.027173399925231934","0.036379266530275345","706.5","702","711","0.029877377301454545","0.026257866993546486","0.034212417900562286"
"59","719","714","724","0.028108660978349773","0.02493046596646309","0.03305467963218689","719","714","724","0.031432146545160904","0.027521837502717972","0.036733780056238174","719","714","724","0.03009613552554087","0.026945192366838455","0.032819293439388275"
"60","731.5","727","736","0.03049612734466791","0.026887116953730583","0.03217184916138649","731.5","727","736","0.033836518228054044","0.03012608364224434","0.03589481860399246","731.5","727","736","0.030819179862737654","0.028702348470687866","0.032524947077035904"
"61","743.5","739","748","0.030865095928311347","0.02902870997786522","0.03583911433815956","743.5","739","748","0.03448281548917294","0.0321681872010231","0.03928257152438164","743.5","739","748","0.03065917957574129","0.028191128745675087","0.032705988734960556"
"62","755.5","751","760","0.02974415086209774","0.024986861273646355","0.0345001295208931","755.5","751","760","0.03322481643408537","0.028777075931429863","0.03894168883562088","755.5","751","760","0.030138569325208663","0.02654718980193138","0.03377821668982506"
"63","767.5","763","772","0.030301275104284285","0.02556478977203369","0.03464750945568085","767.5","763","772","0.03392823971807957","0.028982289135456085","0.03857121616601944","767.5","763","772","0.031148608773946762","0.027856986969709396","0.0335492379963398"
"64","779.5","775","784","0.028781235218048096","0.026118101552128792","0.03065989352762699","779.5","775","784","0.032596294209361075","0.030874356627464294","0.03409075364470482","779.5","775","784","0.030296323634684087","0.02797219716012478","0.03442355617880821"
"65","791.5","787","796","0.03019400779157877","0.0281454436480999","0.03261497616767883","791.5","787","796","0.03373463489115238","0.03125833347439766","0.03640604764223099","791.5","787","796","0.03071394618600607","0.028853291645646095","0.03435223177075386"
"66","803.5","799","808","0.031156774237751962","0.02652524597942829","0.03529064729809761","803.5","799","808","0.03443011827766895","0.030091021209955215","0.03785652667284012","803.5","799","808","0.030487078428268432","0.026953255757689476","0.03287123516201973"
"67","815.5","811","820","0.03134919758886099","0.02710064873099327","0.035286515951156616","815.5","811","820","0.03490002937614918","0.029068410396575928","0.039086002856492996","815.5","811","820","0.030691552348434924","0.027391087263822556","0.03503671661019325"
"68","827.5","823","832","0.02941212002187967","0.02679578959941864","0.03195882588624954","827.5","823","832","0.0331080436706543","0.030702386051416397","0.036019466817379","827.5","823","832","0.031092184968292712","0.028165878728032112","0.034217484295368195"
"69","840","835","845","0.030173557556488297","0.02676972933113575","0.03485400602221489","840","835","845","0.03360567106442018","0.030344292521476746","0.0377521850168705","840","835","845","0.030513444915413857","0.026418838649988174","0.03600946441292763"
"70","852.5","848","857","0.030249947495758534","0.026338951662182808","0.03377806767821312","852.5","848","857","0.034196348115801814","0.029207371175289154","0.03768347203731537","852.5","848","857","0.029852249845862388","0.024207400158047676","0.034745827317237854"
"71","864.5","860","869","0.030689877830445765","0.02856060303747654","0.0361371673643589","864.5","860","869","0.03445894345641136","0.03239244967699051","0.03941188007593155","864.5","860","869","0.030065596289932727","0.02680475264787674","0.032039158046245575"
"72","876.5","872","881","0.030172777362167835","0.026918843388557434","0.03481809422373772","876.5","872","881","0.03354035094380379","0.030673043802380562","0.03827749192714691","876.5","872","881","0.02886401619762182","0.025140350684523582","0.03284943103790283"
"73","888.5","884","893","0.03072344120591879","0.026479942724108696","0.03399807587265968","888.5","884","893","0.03432628381997347","0.02963249757885933","0.03791288658976555","888.5","884","893","0.030521662160754203","0.028113173320889473","0.03435298055410385"
"74","900.5","896","905","0.029913609474897386","0.02595633454620838","0.03307052329182625","900.5","896","905","0.03386013489216566","0.029652167111635208","0.03787245973944664","900.5","896","905","0.03046806640923023","0.027350598946213722","0.03427240625023842"
"75","912.5","908","917","0.028725091181695462","0.026371322572231293","0.030779125168919563","912.5","908","917","0.0326467951759696","0.030348019674420357","0.03510945290327072","912.5","908","917","0.030558362230658533","0.025614073500037193","0.03361338749527931"
"76","924.5","920","929","0.030222733877599238","0.028248928487300873","0.0333399698138237","924.5","920","929","0.03408472426235676","0.031282853335142136","0.03891772776842117","924.5","920","929","0.030646986700594424","0.02641487680375576","0.035399504005908966"
"77","936.5","932","941","0.029653983376920223","0.027306385338306427","0.03180548548698425","936.5","932","941","0.03350161276757717","0.03154337406158447","0.03544324263930321","936.5","932","941","0.0313565231859684","0.029237518087029457","0.033607736229896545"
"78","948.5","944","953","0.029408890567719937","0.026803184300661087","0.03140338882803917","948.5","944","953","0.032862020283937456","0.03081996738910675","0.034949105232954025","948.5","944","953","0.029516679421067237","0.026049364358186722","0.032434988766908646"
"79","961","956","966","0.029834750362417915","0.02640341781079769","0.03147003427147865","961","956","966","0.03350229866125367","0.030526064336299896","0.03533695638179779","961","956","966","0.029344867237589577","0.024258555844426155","0.03273221477866173"
"80","973.5","969","978","0.0297488909214735","0.026309575885534286","0.03408069536089897","973.5","969","978","0.0335586691275239","0.03003709949553013","0.03788057342171669","973.5","969","978","0.03046215958893299","0.025863265618681908","0.03470876067876816"
"81","985.5","981","990","0.028244398720562457","0.024507518857717514","0.03227200731635094","985.5","981","990","0.03196780979633331","0.028738105669617653","0.03599100187420845","985.5","981","990","0.029775926284492014","0.0262716393917799","0.03504366800189018"
"82","997.5","993","1002","0.02964012250304222","0.026258081197738647","0.033709485083818436","997.5","993","1002","0.0332962267100811","0.029341749846935272","0.03774666786193848","997.5","993","1002","0.028718126565217973","0.026264725252985954","0.0307608675211668"
"83","1009.5","1005","1014","0.030876205302774906","0.02745191380381584","0.03538256138563156","1009.5","1005","1014","0.03432790841907263","0.031056540086865425","0.03963808715343475","1009.5","1005","1014","0.030258148163557052","0.02799336239695549","0.03440619260072708"
"84","1021.5","1017","1026","0.029931963235139847","0.02771987020969391","0.034163571894168854","1021.5","1017","1026","0.03385973609983921","0.03062833473086357","0.037173882126808167","1021.5","1017","1026","0.030478138104081155","0.02748723514378071","0.03219406306743622"
"85","1033.5","1029","1038","0.028249581344425678","0.024358879774808884","0.030164141207933426","1033.5","1029","1038","0.032053181529045106","0.02810630202293396","0.03415418043732643","1033.5","1029","1038","0.029729307070374487","0.023737795650959015","0.0356421023607254"
"86","1045.5","1041","1050","0.029961873218417166","0.02602645754814148","0.03253345936536789","1045.5","1041","1050","0.03375471867620945","0.02915882132947445","0.0368172749876976","1045.5","1041","1050","0.030739353224635124","0.02825446054339409","0.034034229815006256"
"87","1057.5","1053","1062","0.029113509133458136","0.026866525411605835","0.03364669531583786","1057.5","1053","1062","0.03279604129493237","0.029659492895007133","0.03743455186486244","1057.5","1053","1062","0.028975782357156275","0.02586250752210617","0.031172772869467735"
"88","1069.5","1065","1074","0.02914834152907133","0.02619820274412632","0.03222537413239479","1069.5","1065","1074","0.03331676702946425","0.029749924317002296","0.037075504660606384","1069.5","1065","1074","0.030345476418733596","0.02675052359700203","0.03451962023973465"
"89","1082","1077","1087","0.028947781771421432","0.024044634774327278","0.03326493129134178","1082","1077","1087","0.03265465558929877","0.026527896523475647","0.036801282316446304","1082","1077","1087","0.029602428728883915","0.026638180017471313","0.03143591806292534"
"90","1094.5","1090","1099","0.029273516871035098","0.0271601565182209","0.03225908800959587","1094.5","1090","1099","0.03320783860981465","0.030309390276670456","0.035616856068372726","1094.5","1090","1099","0.029679363034665583","0.027404144406318665","0.03281779959797859"
"91","1106.5","1102","1111","0.02914224863052368","0.02676469273865223","0.03120558150112629","1106.5","1102","1111","0.033223137445747855","0.030664416030049324","0.03650166466832161","1106.5","1102","1111","0.029386841878294944","0.02741188183426857","0.03172977268695831"
"92","1118.5","1114","1123","0.029527106881141664","0.025179198011755943","0.033318016678094864","1118.5","1114","1123","0.03360300064086914","0.02882339432835579","0.03727400675415993","1118.5","1114","1123","0.029153365828096866","0.02453618310391903","0.03292325884103775"
"93","1130.5","1126","1135","0.029052837751805782","0.024545591324567795","0.0322318971157074","1130.5","1126","1135","0.0330541068688035","0.027782393619418144","0.036152102053165436","1130.5","1126","1135","0.02864482719451189","0.02545207552611828","0.031286031007766724"
"94","1142.5","1138","1147","0.029384941421449186","0.027422962710261345","0.0315820574760437","1142.5","1138","1147","0.03309185989201069","0.02989272214472294","0.03548043593764305","1142.5","1138","1147","0.028901809267699717","0.024873171001672745","0.0314885713160038"
"95","1154.5","1150","1159","0.029130921326577665","0.025685498490929604","0.03272857517004013","1154.5","1150","1159","0.03321770951151848","0.029291708022356033","0.03660700097680092","1154.5","1150","1159","0.028824393823742866","0.025748634710907936","0.03178830444812775"
"96","1166.5","1162","1171","0.027611347287893294","0.023952480405569077","0.030354255810379982","1166.5","1162","1171","0.03158836029469967","0.027330420911312103","0.03567984700202942","1166.5","1162","1171","0.0287097979336977","0.02424171194434166","0.03133588284254074"
"97","1178.5","1174","1183","0.02787210624665022","0.026320908218622208","0.03069903887808323","1178.5","1174","1183","0.03210766389966011","0.029150929301977158","0.035125263035297394","1178.5","1174","1183","0.0295247383415699","0.026916583999991417","0.03187766298651695"
"98","1190.5","1186","1195","0.028582269325852394","0.027142610400915146","0.029817745089530945","1190.5","1186","1195","0.032554151490330696","0.0314137265086174","0.033646006137132645","1190.5","1186","1195","0.029756874218583106","0.02657759003341198","0.03272803872823715"
"99","1203","1198","1208","0.0285413498905572","0.0252943467348814","0.03167283162474632","1203","1198","1208","0.03254156847569076","0.02924192138016224","0.03695126995444298","1203","1198","1208","0.03023360347883268","0.027503643184900284","0.03394888713955879"
"100","1215.5","1211","1220","0.029558839462697505","0.02657606638967991","0.03154401481151581","1215.5","1211","1220","0.0331735173240304","0.030367253348231316","0.03533361107110977","1215.5","1211","1220","0.03055685553699732","0.027739491313695908","0.03403233736753464"
"101","1227.5","1223","1232","0.02933667916804552","0.026782521978020668","0.033639464527368546","1227.5","1223","1232","0.033541709370911124","0.03060007654130459","0.03789074718952179","1227.5","1223","1232","0.029643145203590394","0.027554826810956","0.033274050801992416"
"102","1239.5","1235","1244","0.02882736101746559","0.026276996359229088","0.0339101143181324","1239.5","1235","1244","0.03287699930369854","0.03019791655242443","0.03817606344819069","1239.5","1235","1244","0.02981444336473942","0.02593824826180935","0.03253961354494095"
"103","1251.5","1247","1256","0.02994110472500324","0.027406608685851097","0.03441951051354408","1251.5","1247","1256","0.03409591745585203","0.03124011494219303","0.03909178078174591","1251.5","1247","1256","0.030136095732450484","0.027336450293660164","0.033924300223588943"
"104","1263.5","1259","1268","0.028497257456183433","0.02583872526884079","0.03032013587653637","1263.5","1259","1268","0.03242447581142187","0.029236359521746635","0.03447753190994263","1263.5","1259","1268","0.02848639599978924","0.0254712775349617","0.03166714310646057"
"105","1275.5","1271","1280","0.028741233609616758","0.026414796710014343","0.031750552356243134","1275.5","1271","1280","0.032978112995624545","0.030070941895246506","0.036625221371650696","1275.5","1271","1280","0.02929990068078041","0.026244208216667175","0.03343566507101059"
"106","1287.5","1283","1292","0.029699250869452954","0.026209954172372818","0.032865963876247406","1287.5","1283","1292","0.0339693259447813","0.0301424041390419","0.03720080852508545","1287.5","1283","1292","0.029209865257143974","0.023523496463894844","0.03366471081972122"
"107","1299.5","1295","1304","0.029176822304725646","0.026430130004882812","0.03143854811787605","1299.5","1295","1304","0.03357553537935019","0.029784372076392174","0.03551933914422989","1299.5","1295","1304","0.029251100309193135","0.026811296120285988","0.03092479147017002"
"108","1311.5","1307","1316","0.0298655578866601","0.02535303682088852","0.033458810299634933","1311.5","1307","1316","0.03409319072961807","0.029898740351200104","0.03757055476307869","1311.5","1307","1316","0.028833000734448434","0.027084415778517723","0.032285746186971664"
"109","1324","1319","1329","0.028147174553437668","0.024342531338334084","0.03228198364377022","1324","1319","1329","0.032634677704085006","0.027627620846033096","0.0370761975646019","1324","1319","1329","0.029168201271783222","0.024773187935352325","0.031189924106001854"
"110","1336.5","1332","1341","0.028308857418596744","0.025208687409758568","0.03309161216020584","1336.5","1332","1341","0.03259166646748781","0.029020389541983604","0.037841156125068665","1336.5","1332","1341","0.02939597684890032","0.0258782971650362","0.03204132616519928"
"111","1348.5","1344","1353","0.02850336004048586","0.025609498843550682","0.03133358061313629","1348.5","1344","1353","0.03259438145905733","0.02959856204688549","0.03452153503894806","1348.5","1344","1353","0.029115338623523713","0.02702859416604042","0.03085114061832428"
"112","1360.5","1356","1365","0.028772914968430995","0.027160590514540672","0.030246369540691376","1360.5","1356","1365","0.033623439446091655","0.03147273510694504","0.0353006049990654","1360.5","1356","1365","0.027150685153901576","0.02482021600008011","0.029596786946058273"
"113","1372.5","1368","1377","0.027752938494086266","0.02585015632212162","0.030145764350891113","1372.5","1368","1377","0.03211727123707533","0.029828235507011414","0.034809552133083344","1372.5","1368","1377","0.029455233924090864","0.026860671117901802","0.03286169096827507"
"114","1384.5","1380","1389","0.0288750521838665","0.024688413366675377","0.033056240528821945","1384.5","1380","1389","0.033129097893834114","0.028928451240062714","0.037669964134693146","1384.5","1380","1389","0.029961894452571868","0.027979619801044464","0.03555411472916603"
"115","1396.5","1392","1401","0.028721412643790245","0.026390448212623596","0.030956178903579712","1396.5","1392","1401","0.0331542044878006","0.030376553535461426","0.03598514944314957","1396.5","1392","1401","0.027836991660296916","0.02586066536605358","0.029918458312749863"
"116","1408.5","1404","1413","0.029237456433475018","0.02675783261656761","0.031879063695669174","1408.5","1404","1413","0.03363700434565544","0.030130533501505852","0.03621723875403404","1408.5","1404","1413","0.02786817755550146","0.02397489733994007","0.031403426080942154"
"117","1420.5","1416","1425","0.02715547103434801","0.026129288598895073","0.02846040390431881","1420.5","1416","1425","0.03138148747384548","0.02958325855433941","0.03297466039657593","1420.5","1416","1425","0.029139303229749204","0.026111939921975136","0.03261164203286171"
"118","1432.5","1428","1437","0.027549741603434087","0.02550772950053215","0.029914306476712227","1432.5","1428","1437","0.03205088376998901","0.02951681986451149","0.03482258692383766","1432.5","1428","1437","0.02833886481821537","0.025281859561800957","0.0329786092042923"
"119","1445","1440","1450","0.027888083322481674","0.02560284174978733","0.029721757397055626","1445","1440","1450","0.03214667737483978","0.028925154358148575","0.0342278778553009","1445","1440","1450","0.029118078676137058","0.026960575953125954","0.031171925365924835"
"120","1457.5","1453","1462","0.02717265523970127","0.02350969985127449","0.029402652755379677","1457.5","1453","1462","0.031535235419869426","0.026900922879576683","0.03401075676083565","1457.5","1453","1462","0.028434819728136062","0.025260986760258675","0.03210501745343208"
"121","1469.5","1465","1474","0.028228852339088915","0.024909021332859993","0.03088492527604103","1469.5","1465","1474","0.032618682086467746","0.030289389193058014","0.035453688353300095","1469.5","1465","1474","0.028957681357860567","0.02463250420987606","0.031688932329416275"
"122","1481.5","1477","1486","0.028540522046387195","0.026306094601750374","0.030936099588871002","1481.5","1477","1486","0.033031399734318255","0.0306010153144598","0.03568244352936745","1481.5","1477","1486","0.029001031816005707","0.026021940633654594","0.0355820395052433"
"123","1493.5","1489","1498","0.028334330208599566","0.023924022912979126","0.03256386145949364","1493.5","1489","1498","0.032416934706270696","0.027272531762719154","0.03742498159408569","1493.5","1489","1498","0.028638154082000256","0.026593608781695366","0.030982274562120438"
"124","1505.5","1501","1510","0.027223445102572442","0.02257843129336834","0.030457934364676476","1505.5","1501","1510","0.03164256401360035","0.027446262538433075","0.035171885043382645","1505.5","1501","1510","0.028495320491492747","0.025571992620825768","0.03073718585073948"
"125","1517.5","1513","1522","0.027590027637779714","0.024125540629029274","0.02966262772679329","1517.5","1513","1522","0.03199023697525263","0.02839762531220913","0.03506924957036972","1517.5","1513","1522","0.028645024821162223","0.025029296055436134","0.030589796602725983"
"126","1529.5","1525","1534","0.027442668937146662","0.024334551766514778","0.030102357268333435","1529.5","1525","1534","0.031758076138794424","0.028530647978186607","0.034233130514621735","1529.5","1525","1534","0.02821727003902197","0.024087032303214073","0.03050832636654377"
"127","1541.5","1537","1546","0.02819250039756298","0.025149494409561157","0.030941296368837357","1541.5","1537","1546","0.0325837504118681","0.029697243124246597","0.035675421357154846","1541.5","1537","1546","0.028413151577115058","0.0257633738219738","0.033660080283880234"
"128","1553.5","1549","1558","0.028149652294814587","0.02475828118622303","0.030836664140224457","1553.5","1549","1558","0.032734883949160576","0.030309166759252548","0.035450804978609085","1553.5","1549","1558","0.028933868743479252","0.026370519772171974","0.031623419374227524"
"129","1566","1561","1571","0.026619479568167168","0.021491941064596176","0.029875628650188446","1566","1561","1571","0.031231195919893005","0.027681834995746613","0.034529171884059906","1566","1561","1571","0.02766201001676646","0.023584038019180298","0.030805613845586777"
"130","1578.5","1574","1583","0.027459361776709556","0.02435961551964283","0.029994817450642586","1578.5","1574","1583","0.03208076786249876","0.02812526561319828","0.035799019038677216","1578.5","1574","1583","0.028154912032186986","0.02587556466460228","0.03187912330031395"
"131","1590.5","1586","1595","0.02664549145847559","0.024285130202770233","0.029181325808167458","1590.5","1586","1595","0.03074886426329613","0.028068682178854942","0.03376101329922676","1590.5","1586","1595","0.02778575997799635","0.0264557097107172","0.031641777604818344"
"132","1602.5","1598","1607","0.027748138085007666","0.026303177699446678","0.030694356188178062","1602.5","1598","1607","0.032299883849918845","0.03085600584745407","0.03614922985434532","1602.5","1598","1607","0.027325011789798737","0.024888912215828896","0.02955981343984604"
"133","1614.5","1610","1619","0.028470838069915773","0.02567516453564167","0.03253791481256485","1614.5","1610","1619","0.03301133476197719","0.030497044324874878","0.03653166443109512","1614.5","1610","1619","0.028101159445941448","0.02413935773074627","0.03012976609170437"
"134","1626.5","1622","1631","0.027016711980104448","0.024641159921884537","0.031254127621650696","1626.5","1622","1631","0.031481743045151236","0.028855929151177406","0.03692209720611572","1626.5","1622","1631","0.027891154401004314","0.02597852610051632","0.030842352658510208"
"135","1638.5","1634","1643","0.02777703423053026","0.025771521031856537","0.030786000192165375","1638.5","1634","1643","0.032150200195610525","0.02954941615462303","0.03595010191202164","1638.5","1634","1643","0.02781548146158457","0.025047916918992996","0.029787614941596985"
"136","1650.5","1646","1655","0.027783337235450744","0.025931140407919884","0.03038877621293068","1650.5","1646","1655","0.0323129191994667","0.03028557077050209","0.03472597897052765","1650.5","1646","1655","0.028674347326159477","0.025299040600657463","0.03251931816339493"
"137","1662.5","1658","1667","0.02772486489266157","0.02449922449886799","0.029490137472748756","1662.5","1658","1667","0.032333821058273315","0.028663847595453262","0.03459389507770538","1662.5","1658","1667","0.02717169113457203","0.025111673399806023","0.03151076287031174"
"138","1674.5","1670","1679","0.02725866064429283","0.023127343505620956","0.030459221452474594","1674.5","1670","1679","0.03149522170424461","0.026475001126527786","0.0348745696246624","1674.5","1670","1679","0.026949795335531233","0.024062223732471466","0.03255881369113922"
"139","1687","1682","1692","0.02930255691436204","0.026489688083529472","0.03198493272066116","1687","1682","1692","0.03429272042756731","0.029996098950505257","0.03842560574412346","1687","1682","1692","0.028769676996902985","0.024230200797319412","0.03459377959370613"
"140","1699.5","1695","1704","0.027303743176162243","0.02467065304517746","0.02812090516090393","1699.5","1695","1704","0.03220973815768957","0.029424993321299553","0.033582985401153564","1699.5","1695","1704","0.028669466264545918","0.02544044889509678","0.031066618859767914"
"141","1711.5","1707","1716","0.02838461771607399","0.025389807298779488","0.031989168375730515","1711.5","1707","1716","0.033446303009986876","0.030378432944417","0.0365326963365078","1711.5","1707","1716","0.028717472031712533","0.024425910785794258","0.031834594905376434"
"142","1723.5","1719","1728","0.02757959719747305","0.02556426450610161","0.029351362958550453","1723.5","1719","1728","0.03206654042005539","0.029967015609145164","0.03403034433722496","1723.5","1719","1728","0.02788518778979778","0.024778282269835472","0.03125259652733803"
"143","1735.5","1731","1740","0.027963576838374138","0.024288469925522804","0.030844543129205704","1735.5","1731","1740","0.03304820936173201","0.028997404500842094","0.03641345724463463","1735.5","1731","1740","0.02751223146915436","0.023643989115953445","0.03243635222315788"
"144","1747.5","1743","1752","0.027686627581715584","0.023920265957713127","0.029549267143011093","1747.5","1743","1752","0.03248682226985693","0.028174711391329765","0.03482247143983841","1747.5","1743","1752","0.027561159059405326","0.02446852996945381","0.029502499848604202"
"145","1759.5","1755","1764","0.026889268308877945","0.02411978878080845","0.030516501516103745","1759.5","1755","1764","0.03153430223464966","0.028140950947999954","0.03473519906401634","1759.5","1755","1764","0.02838478647172451","0.026441292837262154","0.031577218323946"
"146","1771.5","1767","1776","0.028576343879103662","0.023444440215826035","0.033393874764442444","1771.5","1767","1776","0.03358208630234003","0.028026271611452103","0.03930895775556564","1771.5","1767","1776","0.02794079054147005","0.02532116509974003","0.0311666838824749"
"147","1783.5","1779","1788","0.027168072201311587","0.02274251915514469","0.030568966642022133","1783.5","1779","1788","0.03208514582365751","0.027783913537859917","0.03526737540960312","1783.5","1779","1788","0.028582876920700072","0.026167187839746475","0.03154682368040085"
"148","1795.5","1791","1800","0.02822172325104475","0.024920066818594933","0.031250160187482834","1795.5","1791","1800","0.03326216787099838","0.029487354680895805","0.03669380769133568","1795.5","1791","1800","0.030181697569787502","0.027165116742253304","0.03268734738230705"
"149","1808","1803","1813","0.02829657020893964","0.024703258648514748","0.031611304730176926","1808","1803","1813","0.03319675170562484","0.02976670302450657","0.03651294857263565","1808","1803","1813","0.02734516103836623","0.022821102291345596","0.030344130471348763"
"150","1820.5","1816","1825","0.026851464807987214","0.024016447365283966","0.030854232609272003","1820.5","1816","1825","0.03137798029929399","0.028398355469107628","0.035404711961746216","1820.5","1816","1825","0.027197453193366528","0.024404505267739296","0.033174872398376465"
"151","1832.5","1828","1837","0.02716413401067257","0.02387099340558052","0.0292520709335804","1832.5","1828","1837","0.0320445453748107","0.02870810590684414","0.034088458865880966","1832.5","1828","1837","0.02717094011604786","0.023775411769747734","0.02985524572432041"
"152","1844.5","1840","1849","0.026867039687931537","0.0248811524361372","0.029793953523039818","1844.5","1840","1849","0.03201593402773142","0.029225528240203857","0.035200268030166626","1844.5","1840","1849","0.02819498386234045","0.026844101026654243","0.030260521918535233"
"153","1856.5","1852","1861","0.027264324948191643","0.024728700518608093","0.03156622126698494","1856.5","1852","1861","0.032250942476093766","0.029301095753908157","0.03672979772090912","1856.5","1852","1861","0.028305848874151707","0.02516993135213852","0.030869949609041214"
"154","1868.5","1864","1873","0.02742418833076954","0.02456832304596901","0.03193258121609688","1868.5","1864","1873","0.0324568958953023","0.02977895550429821","0.03773009777069092","1868.5","1864","1873","0.02707821540534496","0.02311903052031994","0.02999045141041279"
"155","1880.5","1876","1885","0.028178699128329755","0.025431273505091667","0.030922966077923775","1880.5","1876","1885","0.033429088443517684","0.030340546742081642","0.036222003400325775","1880.5","1876","1885","0.026473486237227915","0.023046819493174553","0.029741428792476654"
"156","1892.5","1888","1897","0.028086264058947562","0.024959050118923187","0.030660411342978477","1892.5","1888","1897","0.03292082492262125","0.02927516959607601","0.03599218651652336","1892.5","1888","1897","0.02845329325646162","0.025458717718720436","0.03033464588224888"
"157","1904.5","1900","1909","0.027233160845935345","0.02541518211364746","0.028664400801062584","1904.5","1900","1909","0.032243712805211544","0.029492633417248726","0.03500494360923767","1904.5","1900","1909","0.027188265323638917","0.02509887143969536","0.029416248202323914"
"158","1916.5","1912","1921","0.02630127016454935","0.023403197526931763","0.029021888971328735","1916.5","1912","1921","0.031413906067609784","0.028407519683241844","0.03422336280345917","1916.5","1912","1921","0.027860823273658752","0.025591302663087845","0.030295170843601227"
"159","1929","1924","1934","0.026783764870329338","0.02370717190206051","0.0297857578843832","1929","1924","1934","0.03141299364241687","0.0287106204777956","0.03453342244029045","1929","1924","1934","0.02834309908476743","0.026405878365039825","0.03082040511071682"
"160","1941.5","1937","1946","0.025750846602022648","0.022844871506094933","0.02857062593102455","1941.5","1937","1946","0.03063807487487793","0.027437612414360046","0.033637285232543945","1941.5","1937","1946","0.027217011153697967","0.024759992957115173","0.03096291981637478"
"161","1953.5","1949","1958","0.027408521436154843","0.025296727195382118","0.030072972178459167","1953.5","1949","1958","0.03234298601746559","0.029900208115577698","0.03570839762687683","1953.5","1949","1958","0.027379749342799187","0.024483565241098404","0.02868494763970375"
"162","1965.5","1961","1970","0.02591930702328682","0.022941764444112778","0.02825971320271492","1965.5","1961","1970","0.030899521708488465","0.028000833466649055","0.0337781086564064","1965.5","1961","1970","0.026694269478321077","0.02383628487586975","0.02883141115307808"
"163","1977.5","1973","1982","0.028635216318070887","0.026438701897859573","0.029744744300842285","1977.5","1973","1982","0.03358722385019064","0.030992327257990837","0.03577130287885666","1977.5","1973","1982","0.027670563384890556","0.025585034862160683","0.029031382873654366"
"164","1989.5","1985","1994","0.02744776178151369","0.024678552523255348","0.031019285321235657","1989.5","1985","1994","0.03271160703152418","0.0295632965862751","0.03597031906247139","1989.5","1985","1994","0.027710174955427647","0.025065302848815918","0.03221188113093376"
"165","2001.5","1997","2006","0.02758787740021944","0.024646058678627014","0.030367380008101463","2001.5","1997","2006","0.032705243490636346","0.03023563139140606","0.03680922091007233","2001.5","1997","2006","0.02717900909483433","0.023472215980291367","0.030258359387516975"
"166","2013.5","2009","2018","0.027044747583568098","0.024443617090582848","0.029102206230163574","2013.5","2009","2018","0.03227222245186567","0.028888951987028122","0.03462677821516991","2013.5","2009","2018","0.028289175219833852","0.02430974692106247","0.030834386125206947"
"167","2025.5","2021","2030","0.02740028314292431","0.02351285144686699","0.02986951544880867","2025.5","2021","2030","0.032544739358127114","0.027821986004710197","0.03534264490008354","2025.5","2021","2030","0.02735801562666893","0.025449540466070175","0.030869968235492706"
"168","2037.5","2033","2042","0.026775518991053106","0.023734306916594505","0.029660971835255623","2037.5","2033","2042","0.031688696891069415","0.02860681712627411","0.03495074063539505","2037.5","2033","2042","0.028032572567462923","0.02404487319290638","0.03161555528640747"
"169","2050","2045","2055","0.026947368613698265","0.024095240980386734","0.029398780316114426","2050","2045","2055","0.03206633607094938","0.02894948422908783","0.03500429540872574","2050","2045","2055","0.026289554143493824","0.021422579884529114","0.030382422730326653"
"170","2062.5","2058","2067","0.02655208818614483","0.022751016542315483","0.028643980622291565","2062.5","2058","2067","0.031504909694194796","0.02725682407617569","0.034006476402282715","2062.5","2058","2067","0.027317718043923377","0.024856576696038246","0.029730940237641335"
"171","2074.5","2070","2079","0.028067513927817346","0.024275675415992737","0.03153456747531891","2074.5","2070","2079","0.033434164337813856","0.029490288347005844","0.037453241646289825","2074.5","2070","2079","0.027035169303417206","0.02387712150812149","0.02975486032664776"
"172","2086.5","2082","2091","0.02584986686706543","0.022979319095611572","0.028920898213982582","2086.5","2082","2091","0.030974039062857627","0.02821093052625656","0.03423168510198593","2086.5","2082","2091","0.026436316780745983","0.02425740659236908","0.028976408764719963"
"173","2098.5","2094","2103","0.027988642640411853","0.024294011294841766","0.031286176294088364","2098.5","2094","2103","0.03344200849533081","0.02960265800356865","0.03651140257716179","2098.5","2094","2103","0.028702260926365852","0.02502765879034996","0.033129993826150894"
"174","2110.5","2106","2115","0.026101678051054476","0.024426294490695","0.028663747012615204","2110.5","2106","2115","0.031479626148939135","0.029854563996195793","0.03432551026344299","2110.5","2106","2115","0.026782635226845743","0.024370618164539337","0.029998157173395157"
"175","2122.5","2118","2127","0.027317017689347266","0.025357872247695923","0.029535850510001183","2122.5","2118","2127","0.0324800867587328","0.029574334621429443","0.03536790609359741","2122.5","2118","2127","0.02645648829638958","0.02390124462544918","0.028710661455988884"
"176","2134.5","2130","2139","0.02632031086832285","0.023983165621757507","0.028605202212929726","2134.5","2130","2139","0.03141612391918898","0.02861638367176056","0.034196481108665466","2134.5","2130","2139","0.02612712848931551","0.023544421419501305","0.0290231890976429"
"177","2146.5","2142","2151","0.025860821641981602","0.022930296137928963","0.028907060623168945","2146.5","2142","2151","0.030917211994528772","0.02759171463549137","0.03449321165680885","2146.5","2142","2151","0.025933945551514626","0.023847930133342743","0.028621967881917953"
"178","2158.5","2154","2163","0.02638745345175266","0.024145426228642464","0.028989726677536964","2158.5","2154","2163","0.03160834088921547","0.029283927753567696","0.03461185097694397","2158.5","2154","2163","0.02625491414219141","0.024297324940562248","0.028627492487430573"
"179","2171","2166","2176","0.02600840563801202","0.0231974795460701","0.029239406809210777","2171","2166","2176","0.031513116068460724","0.028927871957421303","0.03504628688097","2171","2166","2176","0.026949443769725887","0.023328213021159172","0.02924804389476776"
"180","2183.5","2179","2188","0.025459247082471846","0.023809384554624557","0.02794434130191803","2183.5","2179","2188","0.030711348168551922","0.02905883826315403","0.03420795872807503","2183.5","2179","2188","0.026465543918311595","0.022795962169766426","0.029951920732855797"
"181","2195.5","2191","2200","0.026682813279330732","0.02356920763850212","0.02881096489727497","2195.5","2191","2200","0.03219109270721674","0.02898295223712921","0.03482479602098465","2195.5","2191","2200","0.027066384442150593","0.02434842474758625","0.029232554137706757"
"182","2207.5","2203","2212","0.02579803131520748","0.023754220455884933","0.02875005453824997","2207.5","2203","2212","0.03126510605216026","0.02954905666410923","0.03466985002160072","2207.5","2203","2212","0.025758654251694678","0.023288408294320107","0.027823390439152718"
"183","2219.5","2215","2224","0.026589595712721348","0.024031497538089752","0.028445838019251823","2219.5","2215","2224","0.03181856032460928","0.028582602739334106","0.03378324583172798","2219.5","2215","2224","0.02687002457678318","0.023965472355484962","0.029682621359825134"
"184","2231.5","2227","2236","0.02564425189048052","0.02393794246017933","0.02774137258529663","2231.5","2227","2236","0.031249057687819003","0.028105152770876884","0.03401383385062218","2231.5","2227","2236","0.026558675430715085","0.023840121924877167","0.029575297608971596"
"185","2243.5","2239","2248","0.026088534481823446","0.02292567491531372","0.0288777444511652","2243.5","2239","2248","0.03133241645991802","0.027532631531357765","0.03523451089859009","2243.5","2239","2248","0.0269157825037837","0.023792603984475136","0.030464239418506622"
"186","2255.5","2251","2260","0.027144569717347623","0.02405702695250511","0.032538529485464096","2255.5","2251","2260","0.03323494214564562","0.02991008199751377","0.039130035787820816","2255.5","2251","2260","0.026601936854422092","0.023955566808581352","0.029985735192894936"
"187","2267.5","2263","2272","0.025436755642294882","0.02332119084894657","0.026820555329322815","2267.5","2263","2272","0.03070172928273678","0.0285931546241045","0.03286069259047508","2267.5","2263","2272","0.026614500023424626","0.02420593984425068","0.030101727694272995"
"188","2279.5","2275","2284","0.025940903834998606","0.02337271347641945","0.02862621657550335","2279.5","2275","2284","0.031617678515613076","0.029304467141628265","0.03464138135313988","2279.5","2275","2284","0.02657662257552147","0.023630905896425247","0.03102274052798748"
"189","2292","2287","2297","0.026234581050547687","0.021309826523065567","0.028579728677868843","2292","2287","2297","0.031681849705902015","0.027024496346712112","0.03356608375906944","2292","2287","2297","0.026371772147037766","0.023894675076007843","0.02896442450582981"
"190","2304.5","2300","2309","0.026632539555430414","0.022978097200393677","0.03064785525202751","2304.5","2300","2309","0.032271483168005946","0.02881111018359661","0.03541800379753113","2304.5","2300","2309","0.02704610861837864","0.023938212543725967","0.030747324228286743"
"191","2316.5","2312","2321","0.026454042084515093","0.02380473166704178","0.028799276798963547","2316.5","2312","2321","0.03194695953279734","0.02891942486166954","0.03476420417428017","2316.5","2312","2321","0.02708766348659992","0.025142235681414604","0.030301488935947418"
"192","2328.5","2324","2333","0.024709134362637997","0.02298813872039318","0.026649735867977142","2328.5","2324","2333","0.030051542446017265","0.028848960995674133","0.03231286257505417","2328.5","2324","2333","0.026900424994528292","0.024399736896157265","0.028566524386405945"
"193","2340.5","2336","2345","0.02491129655390978","0.022944629192352295","0.027111241593956947","2340.5","2336","2345","0.030210343934595586","0.0278707817196846","0.03239023685455322","2340.5","2336","2345","0.02587800081819296","0.024380702525377274","0.028425093740224838"
"194","2352.5","2348","2357","0.025855224952101706","0.024145569652318954","0.027436763048171997","2352.5","2348","2357","0.03160907123237848","0.02863675355911255","0.03360102325677872","2352.5","2348","2357","0.025948721542954446","0.022089242935180664","0.029877854511141777"
"195","2364.5","2360","2369","0.026869956776499747","0.02366347424685955","0.030708905309438705","2364.5","2360","2369","0.03259382024407387","0.0287568848580122","0.03640935570001602","2364.5","2360","2369","0.02609124667942524","0.022728832438588142","0.028961459174752235"
"196","2376.5","2372","2381","0.02502625957131386","0.022788438946008682","0.03118791989982128","2376.5","2372","2381","0.030229831114411354","0.02757611684501171","0.036432720720767975","2376.5","2372","2381","0.025772719457745553","0.02455858327448368","0.027133988216519356"
"197","2388.5","2384","2393","0.025550083816051485","0.02148880809545517","0.028667492792010307","2388.5","2384","2393","0.03115584384649992","0.02732270210981369","0.03567809239029884","2388.5","2384","2393","0.026650558598339556","0.023073330521583557","0.029495758935809135"
"198","2400.5","2396","2405","0.026605014130473136","0.024155117571353912","0.02978590875864029","2400.5","2396","2405","0.03250065334141254","0.03036375902593136","0.03657901659607887","2400.5","2396","2405","0.02604544498026371","0.02448144368827343","0.028626570478081703"
"199","2413","2408","2418","0.026255784725601024","0.02396201714873314","0.029863324016332626","2413","2408","2418","0.03228078697892753","0.02880074828863144","0.03679283335804939","2413","2408","2418","0.027073338797146625","0.023917440325021744","0.03088284283876419"
"200","2425.5","2421","2430","0.025763302482664584","0.022902164608240128","0.028677010908722878","2425.5","2421","2430","0.03118208535015583","0.029389075934886932","0.034391529858112335","2425.5","2421","2430","0.025305390171706677","0.021760789677500725","0.029067734256386757"
"201","2437.5","2433","2442","0.02558244429528713","0.022559748962521553","0.027739569544792175","2437.5","2433","2442","0.030974191427230836","0.027690831571817398","0.033256351947784424","2437.5","2433","2442","0.02565247695893049","0.023197634145617485","0.027870483696460724"
"202","2449.5","2445","2454","0.025573675520718098","0.023602506145834923","0.027151761576533318","2449.5","2445","2454","0.031441908702254294","0.02876424789428711","0.03339412435889244","2449.5","2445","2454","0.02698251586407423","0.02413012459874153","0.02997136488556862"
"203","2461.5","2457","2466","0.025797342509031297","0.02294727973639965","0.029535315930843353","2461.5","2457","2466","0.03130335044115782","0.028571847826242447","0.03590336814522743","2461.5","2457","2466","0.02598693910986185","0.02449498325586319","0.027962107211351395"
"204","2473.5","2469","2478","0.025153836980462075","0.022499624639749527","0.030564358457922935","2473.5","2469","2478","0.030765114910900594","0.027063444256782532","0.036843057721853256","2473.5","2469","2478","0.025842372328042984","0.02461155876517296","0.02722255326807499"
"205","2485.5","2481","2490","0.02573085017502308","0.022679390385746956","0.029080955311655998","2485.5","2481","2490","0.03141457606106997","0.027476608753204346","0.03566097468137741","2485.5","2481","2490","0.025303338095545767","0.022298544645309448","0.028809402137994766"
"206","2497.5","2493","2502","0.024829682894051075","0.02131514623761177","0.026742469519376755","2497.5","2493","2502","0.03048321194946766","0.027560848742723465","0.032274454832077026","2497.5","2493","2502","0.025008862465620042","0.023716319352388382","0.027230199426412582"
"207","2509.5","2505","2514","0.025442673824727535","0.0215850081294775","0.027354955673217773","2509.5","2505","2514","0.031203804723918437","0.027376821264624596","0.03371083363890648","2509.5","2505","2514","0.026326556317508222","0.022621355950832367","0.02887922339141369"
"208","2521.5","2517","2526","0.025720860436558725","0.023791607469320297","0.027676183730363846","2521.5","2517","2526","0.03105074819177389","0.028750762343406677","0.032526157796382904","2521.5","2517","2526","0.02567980717867613","0.022581078112125397","0.02970082499086857"
"209","2534","2529","2539","0.025254477323456245","0.022760137915611267","0.027105949819087982","2534","2529","2539","0.031095119193196297","0.02826397679746151","0.03370462730526924","2534","2529","2539","0.025384260341525078","0.022477641701698303","0.027970638126134872"
"210","2546.5","2542","2551","0.025670309364795686","0.0218791663646698","0.02991490252315998","2546.5","2542","2551","0.031437725946307185","0.027673974633216858","0.03521285951137543","2546.5","2542","2551","0.025382744334638118","0.021644961088895798","0.027676844969391823"
"211","2558.5","2554","2563","0.024779480695724488","0.022371744737029076","0.02831963077187538","2558.5","2554","2563","0.03074921891093254","0.027792824432253838","0.03522368520498276","2558.5","2554","2563","0.024935528077185153","0.022633643820881844","0.0282694511115551"
"212","2570.5","2566","2575","0.025839629769325256","0.023026885464787483","0.02980727329850197","2570.5","2566","2575","0.031544245593249795","0.028746729716658592","0.03641960024833679","2570.5","2566","2575","0.025590045563876628","0.02407265268266201","0.027851441875100136"
"213","2582.5","2578","2587","0.024427694827318193","0.021274305880069733","0.028052035719156265","2582.5","2578","2587","0.02987324707210064","0.026169927790760994","0.03426959738135338","2582.5","2578","2587","0.025422628968954086","0.022704625502228737","0.02869500406086445"
"214","2594.5","2590","2599","0.025244418531656265","0.020972466096282005","0.028168465942144394","2594.5","2590","2599","0.03091917745769024","0.027876676991581917","0.03449761122465134","2594.5","2590","2599","0.025401487573981286","0.023799024522304535","0.028181001543998718"
"215","2606.5","2602","2611","0.02535309996455908","0.022853611037135124","0.028209885582327843","2606.5","2602","2611","0.030903931707143784","0.027784379199147224","0.034053172916173935","2606.5","2602","2611","0.026388350129127502","0.022450288757681847","0.029086269438266754"
"216","2618.5","2614","2623","0.02532590627670288","0.021926764398813248","0.02857067994773388","2618.5","2614","2623","0.03132506404072046","0.026491155847907066","0.0345328189432621","2618.5","2614","2623","0.026419043727219104","0.023005610331892967","0.029975702986121178"
"217","2630.5","2626","2635","0.024274156242609025","0.0224959384649992","0.026485394686460495","2630.5","2626","2635","0.030038236640393734","0.028055602684617043","0.0318295881152153","2630.5","2626","2635","0.02573172450065613","0.023549914360046387","0.027399303391575813"
"218","2642.5","2638","2647","0.025307478941977025","0.022842805832624435","0.026909135282039642","2642.5","2638","2647","0.03142236247658729","0.028512267395853996","0.03303172439336777","2642.5","2638","2647","0.02598837614059448","0.02316654846072197","0.03028802201151848"
"219","2655","2650","2660","0.024851841174743393","0.02009371854364872","0.02790563553571701","2655","2650","2660","0.030756253410469402","0.025609055534005165","0.033395636826753616","2655","2650","2660","0.025907169180837544","0.022829951718449593","0.030404169112443924"
"220","2667.5","2663","2672","0.025794552825391292","0.02384715899825096","0.02794141322374344","2667.5","2663","2672","0.03167366571724415","0.028828442096710205","0.0338597409427166","2667.5","2663","2672","0.02593310996890068","0.023683886975049973","0.027875429019331932"
"221","2679.5","2675","2684","0.025266489945352077","0.02098057046532631","0.02915734425187111","2679.5","2675","2684","0.03100138083100319","0.02582520991563797","0.03630932420492172","2679.5","2675","2684","0.02515329048037529","0.023023033514618874","0.027482347562909126"
"222","2691.5","2687","2696","0.024372347630560398","0.02225111611187458","0.02714402973651886","2691.5","2687","2696","0.03093580324202776","0.02828606404364109","0.034913595765829086","2691.5","2687","2696","0.025545699894428252","0.024081265553832054","0.02943878248333931"
"223","2703.5","2699","2708","0.024859326146543025","0.021657926961779594","0.027788732200860977","2703.5","2699","2708","0.031072303466498852","0.02757558971643448","0.03374012932181358","2703.5","2699","2708","0.02587141450494528","0.02381729520857334","0.028890317305922508"
"224","2715.5","2711","2720","0.02371858935803175","0.021143555641174316","0.025382956489920616","2715.5","2711","2720","0.02972548082470894","0.02606065943837166","0.032630350440740585","2715.5","2711","2720","0.0258131792768836","0.02377423085272312","0.02760617434978485"
"225","2727.5","2723","2732","0.025604881159961224","0.022805357351899147","0.027919284999370575","2727.5","2723","2732","0.03193522039800882","0.0284280925989151","0.03501792252063751","2727.5","2723","2732","0.025491127744317055","0.02380300685763359","0.028124094009399414"
"226","2739.5","2735","2744","0.024354604817926884","0.0224839486181736","0.026274075731635094","2739.5","2735","2744","0.030878318846225737","0.029741697013378143","0.032680362462997437","2739.5","2735","2744","0.025674167461693286","0.022466955706477165","0.028008343651890755"
"227","2751.5","2747","2756","0.02514166906476021","0.023628726601600647","0.027286605909466743","2751.5","2747","2756","0.03147197384387255","0.02906561829149723","0.03510143980383873","2751.5","2747","2756","0.025358021445572376","0.024259157478809357","0.026837067678570747"
"228","2763.5","2759","2768","0.025034820660948753","0.02262837439775467","0.026694925501942635","2763.5","2759","2768","0.03081454783678055","0.028358984738588333","0.033176302909851074","2763.5","2759","2768","0.024505727365612982","0.021054886281490326","0.02791641652584076"
"229","2776","2771","2781","0.0247721809216521","0.022078534588217735","0.026131488382816315","2776","2771","2781","0.031589213250712914","0.02898954041302204","0.03399249166250229","2776","2771","2781","0.02489167892120101","0.02120751328766346","0.027667338028550148"
"230","2788.5","2784","2793","0.02433312386274338","0.023520607501268387","0.026264458894729614","2788.5","2784","2793","0.03068292811512947","0.029192185029387474","0.033342327922582626","2788.5","2784","2793","0.02443054225295782","0.021937111392617226","0.02692512981593609"
"231","2800.5","2796","2805","0.0243424853309989","0.02144492045044899","0.02693956531584263","2800.5","2796","2805","0.030577913299202918","0.027114251628518105","0.0352780781686306","2800.5","2796","2805","0.025334409438073635","0.022758331149816513","0.02751893177628517"
"232","2812.5","2808","2817","0.023973750323057173","0.022063802927732468","0.025717277079820633","2812.5","2808","2817","0.03024633079767227","0.027653003111481667","0.032172542065382004","2812.5","2808","2817","0.023785341531038284","0.02200545184314251","0.025286976248025894"
"233","2824.5","2820","2829","0.023996610194444656","0.02197388932108879","0.026298999786376953","2824.5","2820","2829","0.030292117781937123","0.02796974778175354","0.03335227072238922","2824.5","2820","2829","0.02479633241891861","0.022484438493847847","0.0270729698240757"
"234","2836.5","2832","2841","0.02434044722467661","0.020457113161683083","0.027020715177059174","2836.5","2832","2841","0.03017190359532833","0.025665603578090668","0.03374214842915535","2836.5","2832","2841","0.024480666778981686","0.022779060527682304","0.026578521355986595"
"235","2848.5","2844","2853","0.024150195717811584","0.02123180404305458","0.02622300013899803","2848.5","2844","2853","0.030265475623309612","0.02690678834915161","0.03355783596634865","2848.5","2844","2853","0.024246057122945787","0.02285958267748356","0.026307396590709686"
"236","2860.5","2856","2865","0.024820191226899622","0.02306635119020939","0.028185270726680756","2860.5","2856","2865","0.031013952381908894","0.029075028374791145","0.0350397564470768","2860.5","2856","2865","0.02430874053388834","0.022420527413487434","0.026528438553214073"
"237","2872.5","2868","2877","0.024934791959822178","0.02312103845179081","0.02742369845509529","2872.5","2868","2877","0.03144395016133785","0.029303638264536858","0.033927880227565765","2872.5","2868","2877","0.0252334700897336","0.02183193899691105","0.02932346798479557"
"238","2884.5","2880","2889","0.023811841383576393","0.02163095772266388","0.026362407952547073","2884.5","2880","2889","0.029918003641068936","0.026666803285479546","0.03376353532075882","2884.5","2880","2889","0.024389291740953924","0.022535501047968864","0.02635009028017521"
"239","2897","2892","2902","0.023009926927360622","0.01983647234737873","0.02516254037618637","2897","2892","2902","0.028936682268977165","0.025878548622131348","0.03202430531382561","2897","2892","2902","0.023667793212966484","0.0225355327129364","0.025631600990891457"
"240","2909.5","2905","2914","0.023369292356073858","0.02159450761973858","0.02590020000934601","2909.5","2905","2914","0.029149559698998927","0.026572590693831444","0.03119504265487194","2909.5","2905","2914","0.024588549323379994","0.02291392721235752","0.029390765354037285"
"241","2921.5","2917","2926","0.023894642665982246","0.020787790417671204","0.02739739790558815","2921.5","2917","2926","0.030533528327941893","0.026008496060967445","0.03398066759109497","2921.5","2917","2926","0.02417885810136795","0.022223379462957382","0.026534976437687874"
"242","2933.5","2929","2938","0.024371113255620004","0.02106662280857563","0.030178137123584747","2933.5","2929","2938","0.030916097946465014","0.028042513877153397","0.0371340736746788","2933.5","2929","2938","0.02482677474617958","0.02302125096321106","0.0262812077999115"
"243","2945.5","2941","2950","0.024589075334370138","0.020831827074289322","0.027128765359520912","2945.5","2941","2950","0.03111804686486721","0.02718537487089634","0.03509947657585144","2945.5","2941","2950","0.02483516950160265","0.022755181416869164","0.027832292020320892"
"244","2957.5","2953","2962","0.024051827564835548","0.020854193717241287","0.027969803661108017","2957.5","2953","2962","0.030140424519777297","0.02614118531346321","0.034396205097436905","2957.5","2953","2962","0.025004920177161695","0.022742370143532753","0.02692524343729019"
"245","2969.5","2965","2974","0.02331230603158474","0.020438866689801216","0.02621331252157688","2969.5","2965","2974","0.029697735235095023","0.027014661580324173","0.03256497159600258","2969.5","2965","2974","0.02500778213143349","0.02204403467476368","0.027100758627057076"
"246","2981.5","2977","2986","0.024083688482642175","0.022327473387122154","0.02599509246647358","2981.5","2977","2986","0.03066206369549036","0.027569640427827835","0.03367161378264427","2981.5","2977","2986","0.024014591239392757","0.02189307101070881","0.026576541364192963"
"247","2993.5","2989","2998","0.023656151443719863","0.019288072362542152","0.026743154972791672","2993.5","2989","2998","0.03004781361669302","0.02536602132022381","0.03341683745384216","2993.5","2989","2998","0.024284455366432665","0.020806794986128807","0.02676333859562874"
"248","3005.5","3001","3010","0.0232968483120203","0.019564855843782425","0.0260981023311615","3005.5","3001","3010","0.029567675106227397","0.026683969423174858","0.03314881771802902","3005.5","3001","3010","0.025041763857007026","0.022560035809874535","0.027974026277661324"
"249","3018","3013","3023","0.023174230009317398","0.02037123218178749","0.025638123974204063","3018","3013","3023","0.02955460649999705","0.02667502500116825","0.03334850072860718","3018","3013","3023","0.024419548667289993","0.01921197958290577","0.02657921053469181"
"250","3030.5","3026","3035","0.02306031286716461","0.019920017570257187","0.024749338626861572","3030.5","3026","3035","0.029117883741855623","0.02560397982597351","0.03113308735191822","3030.5","3026","3035","0.02341707069426775","0.020340584218502045","0.027675893157720566"
"251","3042.5","3038","3047","0.0231249051168561","0.020581861957907677","0.025096872821450233","3042.5","3038","3047","0.029750891774892808","0.027564622461795807","0.03385024517774582","3042.5","3038","3047","0.02380444500595331","0.020875677466392517","0.026819493621587753"
"252","3054.5","3050","3059","0.024275389686226844","0.022507376968860626","0.027948014438152313","3054.5","3050","3059","0.030617892555892468","0.028694016858935356","0.03488411381840706","3054.5","3050","3059","0.024947226233780383","0.021489989012479782","0.028217308223247528"
"253","3066.5","3062","3071","0.02346047442406416","0.019828863441944122","0.026491429656744003","3066.5","3062","3071","0.02948542032390833","0.025371164083480835","0.033234063535928726","3066.5","3062","3071","0.02523458208888769","0.023593641817569733","0.02746979333460331"
"254","3078.5","3074","3083","0.023181495442986488","0.020414918661117554","0.025057964026927948","3078.5","3074","3083","0.029366310127079485","0.026513921096920967","0.03218115121126175","3078.5","3074","3083","0.023957573249936102","0.02172756753861904","0.02546878345310688"
"255","3090.5","3086","3095","0.022744133695960046","0.02081163227558136","0.024362627416849136","3090.5","3086","3095","0.029238730482757092","0.027291368693113327","0.030449816957116127","3090.5","3086","3095","0.023398549668490885","0.02076362632215023","0.025181204080581665"
"256","3102.5","3098","3107","0.02337144482880831","0.0202193483710289","0.025867382064461708","3102.5","3098","3107","0.030003656819462775","0.02700166031718254","0.0328812375664711","3102.5","3098","3107","0.0241124514490366","0.02195158042013645","0.02630852721631527"
"257","3114.5","3110","3119","0.022423837520182132","0.02034187503159046","0.02452372945845127","3114.5","3110","3119","0.029100326634943486","0.026224413886666298","0.03195805475115776","3114.5","3110","3119","0.022635798901319504","0.02053762972354889","0.02479599229991436"
"258","3126.5","3122","3131","0.023234551027417182","0.02124890498816967","0.025841204449534416","3126.5","3122","3131","0.029439697973430157","0.02633296139538288","0.03355522081255913","3126.5","3122","3131","0.023923022858798503","0.02111601084470749","0.026462480425834656"
"259","3139","3134","3144","0.02356825735081326","0.02031695283949375","0.029911372810602188","3139","3134","3144","0.0299051356586543","0.02620122767984867","0.038586974143981934","3139","3134","3144","0.02340878766368736","0.021635208278894424","0.027394257485866547"
"260","3151.5","3147","3156","0.02325301356613636","0.02053122967481613","0.02530176192522049","3151.5","3147","3156","0.02977952267974615","0.026972578838467598","0.03183228522539139","3151.5","3147","3156","0.022680518217384815","0.018568962812423706","0.026126112788915634"
"261","3163.5","3159","3168","0.02318388130515814","0.01876731403172016","0.02663547545671463","3163.5","3159","3168","0.030043180845677853","0.025209056213498116","0.03351159766316414","3163.5","3159","3168","0.023941740579903125","0.01958177424967289","0.025951292365789413"
"262","3175.5","3171","3180","0.022165201790630817","0.01911347545683384","0.025736821815371513","3175.5","3171","3180","0.028820506297051907","0.025157641619443893","0.032601453363895416","3175.5","3171","3180","0.023512540757656096","0.020488208159804344","0.027361484244465828"
"263","3187.5","3183","3192","0.023061051964759827","0.020197365432977676","0.02559785544872284","3187.5","3183","3192","0.03009446691721678","0.026763468980789185","0.03362201526761055","3187.5","3183","3192","0.023455220088362694","0.02077295072376728","0.02795959636569023"
"264","3199.5","3195","3204","0.023110492154955864","0.021196065470576286","0.02503209561109543","3199.5","3195","3204","0.029869023710489273","0.02723092958331108","0.0325002558529377","3199.5","3195","3204","0.02352445777505636","0.02050784043967724","0.02530210092663765"
"265","3211.5","3207","3216","0.022771057114005087","0.02183707244694233","0.024705147370696068","3211.5","3207","3216","0.02899905275553465","0.02658843621611595","0.0321170799434185","3211.5","3207","3216","0.02234650533646345","0.018933093175292015","0.026863712817430496"
"266","3223.5","3219","3228","0.023685193806886672","0.020018478855490685","0.025727061554789543","3223.5","3219","3228","0.030459441244602203","0.026250462979078293","0.03325494006276131","3223.5","3219","3228","0.022817274183034898","0.018562076613307","0.025666657835245132"
"267","3235.5","3231","3240","0.02269845511764288","0.020663892850279808","0.025641070678830147","3235.5","3231","3240","0.02926926575601101","0.025921115651726723","0.03343876823782921","3235.5","3231","3240","0.022550250962376596","0.01932591386139393","0.024516940116882324"
"268","3247.5","3243","3252","0.022332989796996116","0.020049214363098145","0.02512935921549797","3247.5","3243","3252","0.029048600792884828","0.02628309093415737","0.031576890498399734","3247.5","3243","3252","0.023983876593410967","0.02127799205482006","0.02771371230483055"
"269","3260","3255","3265","0.02304030971770937","0.01877419650554657","0.025010589510202408","3260","3255","3265","0.02923197333108295","0.025046782568097115","0.03123721294105053","3260","3255","3265","0.023225555873729965","0.01883946917951107","0.027116725221276283"
"270","3272.5","3268","3277","0.022864571213722228","0.02116488851606846","0.025208061560988426","3272.5","3268","3277","0.029660963267087937","0.026804812252521515","0.03206489607691765","3272.5","3268","3277","0.022313850931823254","0.020210731774568558","0.023683344945311546"
"271","3284.5","3280","3289","0.02246464602649212","0.02054515853524208","0.02514248713850975","3284.5","3280","3289","0.029382176510989667","0.026941247284412384","0.032710153609514236","3284.5","3280","3289","0.023053264059126378","0.02129777893424034","0.025014115497469902"
"272","3296.5","3292","3301","0.020906540378928185","0.019197596237063408","0.02253909781575203","3296.5","3292","3301","0.027280296944081784","0.025632210075855255","0.028379017487168312","3296.5","3292","3301","0.02254343144595623","0.019786983728408813","0.02625408209860325"
"273","3308.5","3304","3313","0.02241875175386667","0.01967015117406845","0.025227896869182587","3308.5","3304","3313","0.029389939084649087","0.02670331485569477","0.032421015202999115","3308.5","3304","3313","0.023603337444365026","0.021428268402814865","0.025866875424981117"
"274","3320.5","3316","3325","0.022626750543713568","0.020860712975263596","0.02480463497340679","3320.5","3316","3325","0.029426255263388157","0.027416417375206947","0.031261008232831955","3320.5","3316","3325","0.022989673353731633","0.02098446525633335","0.02528766728937626"
"275","3332.5","3328","3337","0.02217933125793934","0.020733382552862167","0.025245709344744682","3332.5","3328","3337","0.029214473254978657","0.027037981897592545","0.032448265701532364","3332.5","3328","3337","0.02313710805028677","0.021319285035133362","0.025460010394454002"
"276","3344.5","3340","3349","0.02174296826124191","0.01825331337749958","0.023625710979104042","3344.5","3340","3349","0.028562935441732405","0.02366507053375244","0.03128059580922127","3344.5","3340","3349","0.023716679774224758","0.0208271611481905","0.026874585077166557"
"277","3356.5","3352","3361","0.022458740510046482","0.018818819895386696","0.025751248002052307","3356.5","3352","3361","0.029558831267058848","0.02578211948275566","0.03380214050412178","3356.5","3352","3361","0.023157461173832418","0.019865619018673897","0.025978876277804375"
"278","3368.5","3364","3373","0.022272218577563764","0.020674338564276695","0.02367580309510231","3368.5","3364","3373","0.02909793220460415","0.02756195329129696","0.03152225911617279","3368.5","3364","3373","0.022970089316368104","0.019973527640104294","0.024732137098908424"
"279","3381","3376","3386","0.020680122754790566","0.01793609745800495","0.022749656811356544","3381","3376","3386","0.027329799126495014","0.02414153516292572","0.03017447516322136","3381","3376","3386","0.021858476610346275","0.01997232250869274","0.02453368715941906"
"280","3393.5","3389","3398","0.021872086077928544","0.01939591020345688","0.024205246940255165","3393.5","3389","3398","0.028892651945352555","0.026496129110455513","0.031228845939040184","3393.5","3389","3398","0.023293050564825536","0.02077009528875351","0.026874439790844917"
"281","3405.5","3401","3410","0.02175308335572481","0.017832640558481216","0.024958286434412003","3405.5","3401","3410","0.02843903172761202","0.02296810783445835","0.032707732170820236","3405.5","3401","3410","0.022240700758993627","0.019872494041919708","0.023604407906532288"
"282","3417.5","3413","3422","0.021444645896553993","0.019101271405816078","0.024531034752726555","3417.5","3413","3422","0.028652526438236237","0.025921985507011414","0.032328374683856964","3417.5","3413","3422","0.02315211985260248","0.02049087919294834","0.026929156854748726"
"283","3429.5","3425","3434","0.020998018607497216","0.01853535696864128","0.02247484400868416","3429.5","3425","3434","0.027468630485236643","0.024906104430556297","0.02912478893995285","3429.5","3425","3434","0.02179667875170708","0.02046535536646843","0.022793635725975037"
"284","3441.5","3437","3446","0.02216648794710636","0.018901649862527847","0.024877211079001427","3441.5","3437","3446","0.029202654585242273","0.025958016514778137","0.03236307203769684","3441.5","3437","3446","0.022684867680072784","0.021047713235020638","0.02502775378525257"
"285","3453.5","3449","3458","0.021682684123516083","0.01957823894917965","0.02774440124630928","3453.5","3449","3458","0.028591920621693134","0.025615379214286804","0.034902021288871765","3453.5","3449","3458","0.021632123738527298","0.018880661576986313","0.025089992210268974"
"286","3465.5","3461","3470","0.02144228294491768","0.019149543717503548","0.02328985556960106","3465.5","3461","3470","0.02897693421691656","0.026603516191244125","0.03161782771348953","3465.5","3461","3470","0.02275052908807993","0.02083500102162361","0.02552572824060917"
"287","3477.5","3473","3482","0.02095911353826523","0.018570372834801674","0.023015890270471573","3477.5","3473","3482","0.0281262693926692","0.025183288380503654","0.031717829406261444","3477.5","3473","3482","0.022014825232326986","0.02074463665485382","0.024996528401970863"
"288","3489.5","3485","3494","0.02227736432105303","0.018717346712946892","0.02487519010901451","3489.5","3485","3494","0.02948737647384405","0.02447347156703472","0.033592160791158676","3489.5","3485","3494","0.023384307883679865","0.02039756067097187","0.02689436264336109"
"289","3502","3497","3507","0.021598799154162407","0.018269216641783714","0.023635799065232277","3502","3497","3507","0.02862263098359108","0.022976743057370186","0.03197631239891052","3502","3497","3507","0.02146003767848015","0.016726713627576828","0.02415260300040245"
"290","3514.5","3510","3519","0.021099185943603514","0.01949460059404373","0.02338300831615925","3514.5","3510","3519","0.028472527861595154","0.02637438476085663","0.02993026003241539","3514.5","3510","3519","0.02186593469232321","0.02000715583562851","0.02404613606631756"
"291","3526.5","3522","3531","0.020320701226592065","0.015951087698340416","0.024160368368029594","3526.5","3522","3531","0.0273891381919384","0.022721722722053528","0.03184256702661514","3526.5","3522","3531","0.02166119385510683","0.019585611298680305","0.024718454107642174"
"292","3538.5","3534","3543","0.020519287325441837","0.01902632974088192","0.02253558300435543","3538.5","3534","3543","0.027573397569358348","0.025514191016554832","0.0302912387996912","3538.5","3534","3543","0.021817916259169578","0.019779561087489128","0.023978613317012787"
"293","3550.5","3546","3555","0.021243141405284403","0.018168119713664055","0.02570783533155918","3550.5","3546","3555","0.02851737067103386","0.024111194536089897","0.032902561128139496","3550.5","3546","3555","0.022290763072669507","0.01828094758093357","0.028790593147277832"
"294","3562.5","3558","3567","0.02110567521303892","0.018984384834766388","0.02425568737089634","3562.5","3558","3567","0.02850746512413025","0.02618234045803547","0.03231813386082649","3562.5","3558","3567","0.021570413373410702","0.019120411947369576","0.023843824863433838"
"295","3574.5","3570","3579","0.020619527995586397","0.01966206356883049","0.021903691813349724","3574.5","3570","3579","0.02755717243999243","0.02588530071079731","0.029414594173431396","3574.5","3570","3579","0.02063300143927336","0.01837729662656784","0.02293184958398342"
"296","3586.5","3582","3591","0.02071498576551676","0.018429657444357872","0.022386539727449417","3586.5","3582","3591","0.027809628657996653","0.0241652000695467","0.029870979487895966","3586.5","3582","3591","0.021705993637442588","0.019700726494193077","0.02366207167506218"
"297","3598.5","3594","3603","0.021648626960814","0.020045382902026176","0.024304067716002464","3598.5","3594","3603","0.0289742898195982","0.026813283562660217","0.03261084109544754","3598.5","3594","3603","0.021842883341014384","0.020161936059594154","0.02532489039003849"
"298","3610.5","3606","3615","0.02066996730864048","0.01703154854476452","0.02478814125061035","3610.5","3606","3615","0.02805937174707651","0.024354126304388046","0.03176987171173096","3610.5","3606","3615","0.022018312104046346","0.019161555916070938","0.024966202676296234"
"299","3623","3618","3628","0.02065032652833245","0.01631726697087288","0.023475879803299904","3623","3618","3628","0.02794249321926724","0.02171802707016468","0.03234007954597473","3623","3618","3628","0.021589295430616898","0.019952284172177315","0.023141171783208847"