"epoch","yv5s-coco-zipf-cas - _step","yv5s-coco-zipf-cas - _step__MIN","yv5s-coco-zipf-cas - _step__MAX","yv5s-coco-zipf-cas - map","yv5s-coco-zipf-cas - map__MIN","yv5s-coco-zipf-cas - map__MAX","yv5s-coco-zipf-rf-mean - _step","yv5s-coco-zipf-rf-mean - _step__MIN","yv5s-coco-zipf-rf-mean - _step__MAX","yv5s-coco-zipf-rf-mean - map","yv5s-coco-zipf-rf-mean - map__MIN","yv5s-coco-zipf-rf-mean - map__MAX","yv5s-coco-zipf - _step","yv5s-coco-zipf - _step__MIN","yv5s-coco-zipf - _step__MAX","yv5s-coco-zipf - map","yv5s-coco-zipf - map__MIN","yv5s-coco-zipf - map__MAX"
"0","11","11","11","0.0005408692522905767","0.0005408692522905767","0.0005408692522905767","11","11","11","0.00046658990322612226","0.00046658990322612226","0.00046658990322612226","11","11","11","0.00043610292856981046","0.00043610292856981046","0.00043610292856981046"
"1","23","23","23","0.0031943523790687323","0.0031943523790687323","0.0031943523790687323","23","23","23","0.0043477388098835945","0.0043477388098835945","0.0043477388098835945","23","23","23","0.0018239711127750293","0.0018239711127750293","0.0018239711127750293"
"2","35","35","35","0.007671174127608538","0.007671174127608538","0.007671174127608538","35","35","35","0.00750748859718442","0.00750748859718442","0.00750748859718442","35","35","35","0.015783226073325603","0.015783226073325603","0.015783226073325603"
"3","47","47","47","0.028810232877731323","0.028810232877731323","0.028810232877731323","47","47","47","0.013143904507160187","0.013143904507160187","0.013143904507160187","47","47","47","0.02575542031511471","0.02575542031511471","0.02575542031511471"
"4","59","59","59","0.04496854916214943","0.04496854916214943","0.04496854916214943","59","59","59","0.04295462369918823","0.04295462369918823","0.04295462369918823","59","59","59","0.029409799987770293","0.029409799987770293","0.029409799987770293"
"5","71","71","71","0.06978803873062134","0.06978803873062134","0.06978803873062134","71","71","71","0.06342285871505737","0.06342285871505737","0.06342285871505737","71","71","71","0.06319655643846868","0.06319655643846868","0.06319655643846868"
"6","83","83","83","0.08297955989837646","0.08297955989837646","0.08297955989837646","83","83","83","0.08536829799413681","0.08536829799413681","0.08536829799413681","83","83","83","0.07089517471685132","0.07089517471685132","0.07089517471685132"
"7","95","95","95","0.09202594310045242","0.09202594310045242","0.09202594310045242","95","95","95","0.08374346792697906","0.08374346792697906","0.08374346792697906","95","95","95","0.08873934884894064","0.08873934884894064","0.08873934884894064"
"8","107","107","107","0.09834107011556625","0.09834107011556625","0.09834107011556625","107","107","107","0.09948848187923431","0.09948848187923431","0.09948848187923431","107","107","107","0.08298065828156341","0.08298065828156341","0.08298065828156341"
"9","120","120","120","0.11948809027671814","0.11948809027671814","0.11948809027671814","120","120","120","0.10010206699371338","0.10010206699371338","0.10010206699371338","120","120","120","0.10683253686607212","0.10683253686607212","0.10683253686607212"
"10","132","132","132","0.13054609298706055","0.13054609298706055","0.13054609298706055","132","132","132","0.13417160511016846","0.13417160511016846","0.13417160511016846","132","132","132","0.1204842996448922","0.1204842996448922","0.1204842996448922"
"11","144","144","144","0.11632373183965683","0.11632373183965683","0.11632373183965683","144","144","144","0.1323680728673935","0.1323680728673935","0.1323680728673935","144","144","144","0.13241507584412507","0.13241507584412507","0.13241507584412507"
"12","156","156","156","0.12312372773885727","0.12312372773885727","0.12312372773885727","156","156","156","0.13487552106380463","0.13487552106380463","0.13487552106380463","156","156","156","0.13666377030322482","0.13666377030322482","0.13666377030322482"
"13","168","168","168","0.14828859269618988","0.14828859269618988","0.14828859269618988","168","168","168","0.13805265724658966","0.13805265724658966","0.13805265724658966","168","168","168","0.13008036305371434","0.13008036305371434","0.13008036305371434"
"14","180","180","180","0.14911037683486938","0.14911037683486938","0.14911037683486938","180","180","180","0.1497117429971695","0.1497117429971695","0.1497117429971695","180","180","180","0.13144993364843832","0.13144993364843832","0.13144993364843832"
"15","192","192","192","0.15853232145309448","0.15853232145309448","0.15853232145309448","192","192","192","0.159640371799469","0.159640371799469","0.159640371799469","192","192","192","0.14084643513602368","0.14084643513602368","0.14084643513602368"
"16","204","204","204","0.16391904652118683","0.16391904652118683","0.16391904652118683","204","204","204","0.16037607192993164","0.16037607192993164","0.16037607192993164","204","204","204","0.1508383308871487","0.1508383308871487","0.1508383308871487"
"17","216","216","216","0.15999770164489746","0.15999770164489746","0.15999770164489746","216","216","216","0.16263552010059357","0.16263552010059357","0.16263552010059357","216","216","216","0.15227538590827422","0.15227538590827422","0.15227538590827422"
"18","228","228","228","0.15679991245269775","0.15679991245269775","0.15679991245269775","228","228","228","0.1637878566980362","0.1637878566980362","0.1637878566980362","228","228","228","0.14580788954994645","0.14580788954994645","0.14580788954994645"
"19","241","241","241","0.18072427809238434","0.18072427809238434","0.18072427809238434","241","241","241","0.17139661312103271","0.17139661312103271","0.17139661312103271","241","241","241","0.17352090004918702","0.17352090004918702","0.17352090004918702"
"20","253","253","253","0.1879461407661438","0.1879461407661438","0.1879461407661438","253","253","253","0.17617826163768768","0.17617826163768768","0.17617826163768768","253","253","253","0.16673111551532913","0.16673111551532913","0.16673111551532913"
"21","265","265","265","0.18418987095355988","0.18418987095355988","0.18418987095355988","265","265","265","0.1879504770040512","0.1879504770040512","0.1879504770040512","265","265","265","0.1673112996538246","0.1673112996538246","0.1673112996538246"
"22","277","277","277","0.18812774121761322","0.18812774121761322","0.18812774121761322","277","277","277","0.19379885494709015","0.19379885494709015","0.19379885494709015","277","277","277","0.1773498595621083","0.1773498595621083","0.1773498595621083"
"23","289","289","289","0.18447552621364594","0.18447552621364594","0.18447552621364594","289","289","289","0.1940489560365677","0.1940489560365677","0.1940489560365677","289","289","289","0.1864430356572996","0.1864430356572996","0.1864430356572996"
"24","301","301","301","0.19543981552124023","0.19543981552124023","0.19543981552124023","301","301","301","0.18318979442119598","0.18318979442119598","0.18318979442119598","301","301","301","0.1933598129471625","0.1933598129471625","0.1933598129471625"
"25","313","313","313","0.20046910643577576","0.20046910643577576","0.20046910643577576","313","313","313","0.1846180111169815","0.1846180111169815","0.1846180111169815","313","313","313","0.19946727955683227","0.19946727955683227","0.19946727955683227"
"26","325","325","325","0.20666980743408203","0.20666980743408203","0.20666980743408203","325","325","325","0.18622155487537384","0.18622155487537384","0.18622155487537384","325","325","325","0.18337249818736454","0.18337249818736454","0.18337249818736454"
"27","337","337","337","0.21043583750724792","0.21043583750724792","0.21043583750724792","337","337","337","0.19967952370643616","0.19967952370643616","0.19967952370643616","337","337","337","0.1877473784762115","0.1877473784762115","0.1877473784762115"
"28","349","349","349","0.2107279747724533","0.2107279747724533","0.2107279747724533","349","349","349","0.20590899884700775","0.20590899884700775","0.20590899884700775","349","349","349","0.19722322273953174","0.19722322273953174","0.19722322273953174"
"29","362","362","362","0.2136726677417755","0.2136726677417755","0.2136726677417755","362","362","362","0.19396838545799255","0.19396838545799255","0.19396838545799255","362","362","362","0.19902596707030976","0.19902596707030976","0.19902596707030976"
"30","374","374","374","0.21513861417770386","0.21513861417770386","0.21513861417770386","374","374","374","0.19715569913387299","0.19715569913387299","0.19715569913387299","374","374","374","0.19292625951250858","0.19292625951250858","0.19292625951250858"
"31","386","386","386","0.21474005281925201","0.21474005281925201","0.21474005281925201","386","386","386","0.19746741652488708","0.19746741652488708","0.19746741652488708","386","386","386","0.20866484271551522","0.20866484271551522","0.20866484271551522"
"32","398","398","398","0.2158345729112625","0.2158345729112625","0.2158345729112625","398","398","398","0.2106708139181137","0.2106708139181137","0.2106708139181137","398","398","398","0.2028007028084607","0.2028007028084607","0.2028007028084607"
"33","410","410","410","0.2260274589061737","0.2260274589061737","0.2260274589061737","410","410","410","0.20994961261749268","0.20994961261749268","0.20994961261749268","410","410","410","0.20881295590244237","0.20881295590244237","0.20881295590244237"
"34","422","422","422","0.21932382881641388","0.21932382881641388","0.21932382881641388","422","422","422","0.2232959121465683","0.2232959121465683","0.2232959121465683","422","422","422","0.21261248700806265","0.21261248700806265","0.21261248700806265"
"35","434","434","434","0.22180905938148499","0.22180905938148499","0.22180905938148499","434","434","434","0.2200937271118164","0.2200937271118164","0.2200937271118164","434","434","434","0.2128245952431954","0.2128245952431954","0.2128245952431954"
"36","446","446","446","0.2286878079175949","0.2286878079175949","0.2286878079175949","446","446","446","0.22689765691757202","0.22689765691757202","0.22689765691757202","446","446","446","0.22144977659460155","0.22144977659460155","0.22144977659460155"
"37","458","458","458","0.2189844697713852","0.2189844697713852","0.2189844697713852","458","458","458","0.22940406203269958","0.22940406203269958","0.22940406203269958","458","458","458","0.22960299667217773","0.22960299667217773","0.22960299667217773"
"38","470","470","470","0.2206045389175415","0.2206045389175415","0.2206045389175415","470","470","470","0.22833353281021118","0.22833353281021118","0.22833353281021118","470","470","470","0.20643561059211626","0.20643561059211626","0.20643561059211626"
"39","483","483","483","0.22847475111484528","0.22847475111484528","0.22847475111484528","483","483","483","0.21332776546478271","0.21332776546478271","0.21332776546478271","483","483","483","0.21380370008011892","0.21380370008011892","0.21380370008011892"
"40","495","495","495","0.2423376441001892","0.2423376441001892","0.2423376441001892","495","495","495","0.23638023436069489","0.23638023436069489","0.23638023436069489","495","495","495","0.20553182363584277","0.20553182363584277","0.20553182363584277"
"41","507","507","507","0.2170701026916504","0.2170701026916504","0.2170701026916504","507","507","507","0.23534773290157318","0.23534773290157318","0.23534773290157318","507","507","507","0.22153333916424625","0.22153333916424625","0.22153333916424625"
"42","519","519","519","0.2321300059556961","0.2321300059556961","0.2321300059556961","519","519","519","0.23244856297969818","0.23244856297969818","0.23244856297969818","519","519","519","0.22423894079608012","0.22423894079608012","0.22423894079608012"
"43","531","531","531","0.22880981862545013","0.22880981862545013","0.22880981862545013","531","531","531","0.23201443254947662","0.23201443254947662","0.23201443254947662","531","531","531","0.23107117073175412","0.23107117073175412","0.23107117073175412"
"44","543","543","543","0.2234875112771988","0.2234875112771988","0.2234875112771988","543","543","543","0.23156295716762543","0.23156295716762543","0.23156295716762543","543","543","543","0.2354581373235796","0.2354581373235796","0.2354581373235796"
"45","555","555","555","0.2345072627067566","0.2345072627067566","0.2345072627067566","555","555","555","0.2414236217737198","0.2414236217737198","0.2414236217737198","555","555","555","0.23359576216023178","0.23359576216023178","0.23359576216023178"
"46","567","567","567","0.23758429288864136","0.23758429288864136","0.23758429288864136","567","567","567","0.21708624064922333","0.21708624064922333","0.21708624064922333","567","567","567","0.22798667786674445","0.22798667786674445","0.22798667786674445"
"47","579","579","579","0.23565049469470978","0.23565049469470978","0.23565049469470978","579","579","579","0.24189046025276184","0.24189046025276184","0.24189046025276184","579","579","579","0.2368990627319534","0.2368990627319534","0.2368990627319534"
"48","591","591","591","0.24437977373600006","0.24437977373600006","0.24437977373600006","591","591","591","0.24218866229057312","0.24218866229057312","0.24218866229057312","591","591","591","0.2077873540653699","0.2077873540653699","0.2077873540653699"
"49","604","604","604","0.23982857167720795","0.23982857167720795","0.23982857167720795","604","604","604","0.24242329597473145","0.24242329597473145","0.24242329597473145","604","604","604","0.24028785829646224","0.24028785829646224","0.24028785829646224"
"50","616","616","616","0.23012134432792664","0.23012134432792664","0.23012134432792664","616","616","616","0.22221456468105316","0.22221456468105316","0.22221456468105316","616","616","616","0.21849965485609768","0.21849965485609768","0.21849965485609768"
"51","628","628","628","0.24475109577178955","0.24475109577178955","0.24475109577178955","628","628","628","0.24472728371620178","0.24472728371620178","0.24472728371620178","628","628","628","0.24764415381598043","0.24764415381598043","0.24764415381598043"
"52","640","640","640","0.2427620142698288","0.2427620142698288","0.2427620142698288","640","640","640","0.2351733297109604","0.2351733297109604","0.2351733297109604","640","640","640","0.24202023138246923","0.24202023138246923","0.24202023138246923"
"53","652","652","652","0.25524473190307617","0.25524473190307617","0.25524473190307617","652","652","652","0.2334374189376831","0.2334374189376831","0.2334374189376831","652","652","652","0.2259059805694681","0.2259059805694681","0.2259059805694681"
"54","664","664","664","0.2588411569595337","0.2588411569595337","0.2588411569595337","664","664","664","0.24624256789684296","0.24624256789684296","0.24624256789684296","664","664","664","0.24259969291551098","0.24259969291551098","0.24259969291551098"
"55","676","676","676","0.2502860724925995","0.2502860724925995","0.2502860724925995","676","676","676","0.24116134643554688","0.24116134643554688","0.24116134643554688","676","676","676","0.24144022557122125","0.24144022557122125","0.24144022557122125"
"56","688","688","688","0.2532563805580139","0.2532563805580139","0.2532563805580139","688","688","688","0.23761455714702606","0.23761455714702606","0.23761455714702606","688","688","688","0.23147886900538248","0.23147886900538248","0.23147886900538248"
"57","700","700","700","0.2648996114730835","0.2648996114730835","0.2648996114730835","700","700","700","0.25969967246055603","0.25969967246055603","0.25969967246055603","700","700","700","0.23944991128937168","0.23944991128937168","0.23944991128937168"
"58","712","712","712","0.2536306381225586","0.2536306381225586","0.2536306381225586","712","712","712","0.24725136160850525","0.24725136160850525","0.24725136160850525","712","712","712","0.2459424063190677","0.2459424063190677","0.2459424063190677"
"59","725","725","725","0.2573395371437073","0.2573395371437073","0.2573395371437073","725","725","725","0.2504810392856598","0.2504810392856598","0.2504810392856598","725","725","725","0.2392459818527371","0.2392459818527371","0.2392459818527371"
"60","737","737","737","0.2436857670545578","0.2436857670545578","0.2436857670545578","737","737","737","0.24429771304130554","0.24429771304130554","0.24429771304130554","737","737","737","0.25562642054264895","0.25562642054264895","0.25562642054264895"
"61","749","749","749","0.24809429049491882","0.24809429049491882","0.24809429049491882","749","749","749","0.24950779974460602","0.24950779974460602","0.24950779974460602","749","749","749","0.2463826407400531","0.2463826407400531","0.2463826407400531"
"62","761","761","761","0.2605019509792328","0.2605019509792328","0.2605019509792328","761","761","761","0.2505558133125305","0.2505558133125305","0.2505558133125305","761","761","761","0.24035615016971962","0.24035615016971962","0.24035615016971962"
"63","773","773","773","0.25882142782211304","0.25882142782211304","0.25882142782211304","773","773","773","0.2476508915424347","0.2476508915424347","0.2476508915424347","773","773","773","0.23956253206350558","0.23956253206350558","0.23956253206350558"
"64","785","785","785","0.25060510635375977","0.25060510635375977","0.25060510635375977","785","785","785","0.2278260886669159","0.2278260886669159","0.2278260886669159","785","785","785","0.2410369967012344","0.2410369967012344","0.2410369967012344"
"65","797","797","797","0.2468997836112976","0.2468997836112976","0.2468997836112976","797","797","797","0.2627660930156708","0.2627660930156708","0.2627660930156708","797","797","797","0.2577327967114571","0.2577327967114571","0.2577327967114571"
"66","809","809","809","0.24479489028453827","0.24479489028453827","0.24479489028453827","809","809","809","0.2466070055961609","0.2466070055961609","0.2466070055961609","809","809","809","0.24694275998054946","0.24694275998054946","0.24694275998054946"
"67","821","821","821","0.2654649317264557","0.2654649317264557","0.2654649317264557","821","821","821","0.24085962772369385","0.24085962772369385","0.24085962772369385","821","821","821","0.25484937469318086","0.25484937469318086","0.25484937469318086"
"68","833","833","833","0.2662288248538971","0.2662288248538971","0.2662288248538971","833","833","833","0.2650529444217682","0.2650529444217682","0.2650529444217682","833","833","833","0.25411836591273507","0.25411836591273507","0.25411836591273507"
"69","846","846","846","0.23658771812915802","0.23658771812915802","0.23658771812915802","846","846","846","0.2361060380935669","0.2361060380935669","0.2361060380935669","846","846","846","0.25218812765704907","0.25218812765704907","0.25218812765704907"
"70","858","858","858","0.2556227743625641","0.2556227743625641","0.2556227743625641","858","858","858","0.25175711512565613","0.25175711512565613","0.25175711512565613","858","858","858","0.24740824375840662","0.24740824375840662","0.24740824375840662"
"71","870","870","870","0.26877647638320923","0.26877647638320923","0.26877647638320923","870","870","870","0.24940356612205505","0.24940356612205505","0.24940356612205505","870","870","870","0.25120186132563704","0.25120186132563704","0.25120186132563704"
"72","882","882","882","0.27086564898490906","0.27086564898490906","0.27086564898490906","882","882","882","0.24695618450641632","0.24695618450641632","0.24695618450641632","882","882","882","0.2659797285567448","0.2659797285567448","0.2659797285567448"
"73","894","894","894","0.2659003734588623","0.2659003734588623","0.2659003734588623","894","894","894","0.2513595521450043","0.2513595521450043","0.2513595521450043","894","894","894","0.24497873704886303","0.24497873704886303","0.24497873704886303"
"74","906","906","906","0.2521117031574249","0.2521117031574249","0.2521117031574249","906","906","906","0.25466951727867126","0.25466951727867126","0.25466951727867126","906","906","906","0.2581557522285107","0.2581557522285107","0.2581557522285107"
"75","918","918","918","0.26815712451934814","0.26815712451934814","0.26815712451934814","918","918","918","0.2526756823062897","0.2526756823062897","0.2526756823062897","918","918","918","0.2502939046456834","0.2502939046456834","0.2502939046456834"
"76","930","930","930","0.24385063350200653","0.24385063350200653","0.24385063350200653","930","930","930","0.24730147421360016","0.24730147421360016","0.24730147421360016","930","930","930","0.24392118791357129","0.24392118791357129","0.24392118791357129"
"77","942","942","942","0.2486230581998825","0.2486230581998825","0.2486230581998825","942","942","942","0.2609606683254242","0.2609606683254242","0.2609606683254242","942","942","942","0.2661397469954419","0.2661397469954419","0.2661397469954419"
"78","954","954","954","0.2648122012615204","0.2648122012615204","0.2648122012615204","954","954","954","0.26091116666793823","0.26091116666793823","0.26091116666793823","954","954","954","0.25877881530733204","0.25877881530733204","0.25877881530733204"
"79","967","967","967","0.26815202832221985","0.26815202832221985","0.26815202832221985","967","967","967","0.2590681314468384","0.2590681314468384","0.2590681314468384","967","967","967","0.25955710979292296","0.25955710979292296","0.25955710979292296"
"80","979","979","979","0.261091023683548","0.261091023683548","0.261091023683548","979","979","979","0.2487303763628006","0.2487303763628006","0.2487303763628006","979","979","979","0.2658664820277444","0.2658664820277444","0.2658664820277444"
"81","991","991","991","0.2573908269405365","0.2573908269405365","0.2573908269405365","991","991","991","0.268599271774292","0.268599271774292","0.268599271774292","991","991","991","0.2645328118822728","0.2645328118822728","0.2645328118822728"
"82","1003","1003","1003","0.2577017545700073","0.2577017545700073","0.2577017545700073","1003","1003","1003","0.2699856460094452","0.2699856460094452","0.2699856460094452","1003","1003","1003","0.2514249454971695","0.2514249454971695","0.2514249454971695"
"83","1015","1015","1015","0.2627686560153961","0.2627686560153961","0.2627686560153961","1015","1015","1015","0.2632133662700653","0.2632133662700653","0.2632133662700653","1015","1015","1015","0.2641261616532047","0.2641261616532047","0.2641261616532047"
"84","1027","1027","1027","0.2654457092285156","0.2654457092285156","0.2654457092285156","1027","1027","1027","0.2598510980606079","0.2598510980606079","0.2598510980606079","1027","1027","1027","0.2654760325444905","0.2654760325444905","0.2654760325444905"
"85","1039","1039","1039","0.27099180221557617","0.27099180221557617","0.27099180221557617","1039","1039","1039","0.2723945379257202","0.2723945379257202","0.2723945379257202","1039","1039","1039","0.25039941822526535","0.25039941822526535","0.25039941822526535"
"86","1051","1051","1051","0.26860320568084717","0.26860320568084717","0.26860320568084717","1051","1051","1051","0.2592790126800537","0.2592790126800537","0.2592790126800537","1051","1051","1051","0.2687806268181375","0.2687806268181375","0.2687806268181375"
"87","1063","1063","1063","0.26696521043777466","0.26696521043777466","0.26696521043777466","1063","1063","1063","0.27767300605773926","0.27767300605773926","0.27767300605773926","1063","1063","1063","0.24976637086479683","0.24976637086479683","0.24976637086479683"
"88","1075","1075","1075","0.26331278681755066","0.26331278681755066","0.26331278681755066","1075","1075","1075","0.27309495210647583","0.27309495210647583","0.27309495210647583","1075","1075","1075","0.2753487492679371","0.2753487492679371","0.2753487492679371"
"89","1088","1088","1088","0.2640519440174103","0.2640519440174103","0.2640519440174103","1088","1088","1088","0.2580844461917877","0.2580844461917877","0.2580844461917877","1088","1088","1088","0.2613162369861587","0.2613162369861587","0.2613162369861587"
"90","1100","1100","1100","0.25449734926223755","0.25449734926223755","0.25449734926223755","1100","1100","1100","0.27080684900283813","0.27080684900283813","0.27080684900283813","1100","1100","1100","0.25990505793824964","0.25990505793824964","0.25990505793824964"
"91","1112","1112","1112","0.26522618532180786","0.26522618532180786","0.26522618532180786","1112","1112","1112","0.2607429027557373","0.2607429027557373","0.2607429027557373","1112","1112","1112","0.2744435292239256","0.2744435292239256","0.2744435292239256"
"92","1124","1124","1124","0.25804340839385986","0.25804340839385986","0.25804340839385986","1124","1124","1124","0.24879306554794312","0.24879306554794312","0.24879306554794312","1124","1124","1124","0.24961021267305128","0.24961021267305128","0.24961021267305128"
"93","1136","1136","1136","0.2706056535243988","0.2706056535243988","0.2706056535243988","1136","1136","1136","0.2698446810245514","0.2698446810245514","0.2698446810245514","1136","1136","1136","0.2638066237430078","0.2638066237430078","0.2638066237430078"
"94","1148","1148","1148","0.278703510761261","0.278703510761261","0.278703510761261","1148","1148","1148","0.26484018564224243","0.26484018564224243","0.26484018564224243","1148","1148","1148","0.2600990494825983","0.2600990494825983","0.2600990494825983"
"95","1160","1160","1160","0.2730346918106079","0.2730346918106079","0.2730346918106079","1160","1160","1160","0.2694542109966278","0.2694542109966278","0.2694542109966278","1160","1160","1160","0.24916697063710538","0.24916697063710538","0.24916697063710538"
"96","1172","1172","1172","0.2722454071044922","0.2722454071044922","0.2722454071044922","1172","1172","1172","0.26578521728515625","0.26578521728515625","0.26578521728515625","1172","1172","1172","0.27775454838100505","0.27775454838100505","0.27775454838100505"
"97","1184","1184","1184","0.272176057100296","0.272176057100296","0.272176057100296","1184","1184","1184","0.28737640380859375","0.28737640380859375","0.28737640380859375","1184","1184","1184","0.26647414940454694","0.26647414940454694","0.26647414940454694"
"98","1196","1196","1196","0.27006787061691284","0.27006787061691284","0.27006787061691284","1196","1196","1196","0.2681678533554077","0.2681678533554077","0.2681678533554077","1196","1196","1196","0.2726676519637849","0.2726676519637849","0.2726676519637849"
"99","1209","1209","1209","0.280336856842041","0.280336856842041","0.280336856842041","1209","1209","1209","0.27052339911460876","0.27052339911460876","0.27052339911460876","1209","1209","1209","0.26598245661163533","0.26598245661163533","0.26598245661163533"
"100","1221","1221","1221","0.2755892276763916","0.2755892276763916","0.2755892276763916","1221","1221","1221","0.27706268429756165","0.27706268429756165","0.27706268429756165","1221","1221","1221","0.27456446630770126","0.27456446630770126","0.27456446630770126"
"101","1233","1233","1233","0.26978302001953125","0.26978302001953125","0.26978302001953125","1233","1233","1233","0.26398003101348877","0.26398003101348877","0.26398003101348877","1233","1233","1233","0.2697410901195488","0.2697410901195488","0.2697410901195488"
"102","1245","1245","1245","0.2790244221687317","0.2790244221687317","0.2790244221687317","1245","1245","1245","0.275808185338974","0.275808185338974","0.275808185338974","1245","1245","1245","0.2711367711971883","0.2711367711971883","0.2711367711971883"
"103","1257","1257","1257","0.26795926690101624","0.26795926690101624","0.26795926690101624","1257","1257","1257","0.2669537365436554","0.2669537365436554","0.2669537365436554","1257","1257","1257","0.2635523227288528","0.2635523227288528","0.2635523227288528"
"104","1269","1269","1269","0.2635250389575958","0.2635250389575958","0.2635250389575958","1269","1269","1269","0.27855584025382996","0.27855584025382996","0.27855584025382996","1269","1269","1269","0.2517991377226097","0.2517991377226097","0.2517991377226097"
"105","1281","1281","1281","0.27533790469169617","0.27533790469169617","0.27533790469169617","1281","1281","1281","0.2751306891441345","0.2751306891441345","0.2751306891441345","1281","1281","1281","0.2710695446886183","0.2710695446886183","0.2710695446886183"
"106","1293","1293","1293","0.2824549674987793","0.2824549674987793","0.2824549674987793","1293","1293","1293","0.2779950201511383","0.2779950201511383","0.2779950201511383","1293","1293","1293","0.27191308490764654","0.27191308490764654","0.27191308490764654"
"107","1305","1305","1305","0.27878835797309875","0.27878835797309875","0.27878835797309875","1305","1305","1305","0.2633051574230194","0.2633051574230194","0.2633051574230194","1305","1305","1305","0.2794295482302749","0.2794295482302749","0.2794295482302749"
"108","1317","1317","1317","0.2789638936519623","0.2789638936519623","0.2789638936519623","1317","1317","1317","0.2782580852508545","0.2782580852508545","0.2782580852508545","1317","1317","1317","0.27087264258245475","0.27087264258245475","0.27087264258245475"
"109","1330","1330","1330","0.25435692071914673","0.25435692071914673","0.25435692071914673","1330","1330","1330","0.27585679292678833","0.27585679292678833","0.27585679292678833","1330","1330","1330","0.27696092906683495","0.27696092906683495","0.27696092906683495"
"110","1342","1342","1342","0.28313684463500977","0.28313684463500977","0.28313684463500977","1342","1342","1342","0.2640218138694763","0.2640218138694763","0.2640218138694763","1342","1342","1342","0.27208775229969434","0.27208775229969434","0.27208775229969434"
"111","1354","1354","1354","0.2686273753643036","0.2686273753643036","0.2686273753643036","1354","1354","1354","0.278194397687912","0.278194397687912","0.278194397687912","1354","1354","1354","0.28884451645361986","0.28884451645361986","0.28884451645361986"
"112","1366","1366","1366","0.2556981146335602","0.2556981146335602","0.2556981146335602","1366","1366","1366","0.2724696695804596","0.2724696695804596","0.2724696695804596","1366","1366","1366","0.28103311991538554","0.28103311991538554","0.28103311991538554"
"113","1378","1378","1378","0.2570093274116516","0.2570093274116516","0.2570093274116516","1378","1378","1378","0.29128000140190125","0.29128000140190125","0.29128000140190125","1378","1378","1378","0.2847039970648903","0.2847039970648903","0.2847039970648903"
"114","1390","1390","1390","0.2735361158847809","0.2735361158847809","0.2735361158847809","1390","1390","1390","0.26820358633995056","0.26820358633995056","0.26820358633995056","1390","1390","1390","0.29170381490907876","0.29170381490907876","0.29170381490907876"
"115","1402","1402","1402","0.2865186035633087","0.2865186035633087","0.2865186035633087","1402","1402","1402","0.2795620560646057","0.2795620560646057","0.2795620560646057","1402","1402","1402","0.28488034176230154","0.28488034176230154","0.28488034176230154"
"116","1414","1414","1414","0.2637293338775635","0.2637293338775635","0.2637293338775635","1414","1414","1414","0.2684652805328369","0.2684652805328369","0.2684652805328369","1414","1414","1414","0.2804372026685479","0.2804372026685479","0.2804372026685479"
"117","1426","1426","1426","0.2709944248199463","0.2709944248199463","0.2709944248199463","1426","1426","1426","0.25964394211769104","0.25964394211769104","0.25964394211769104","1426","1426","1426","0.2688582676035224","0.2688582676035224","0.2688582676035224"
"118","1438","1438","1438","0.2836667597293854","0.2836667597293854","0.2836667597293854","1438","1438","1438","0.2762468457221985","0.2762468457221985","0.2762468457221985","1438","1438","1438","0.2710021271422488","0.2710021271422488","0.2710021271422488"
"119","1451","1451","1451","0.2861887812614441","0.2861887812614441","0.2861887812614441","1451","1451","1451","0.25395601987838745","0.25395601987838745","0.25395601987838745","1451","1451","1451","0.27618136884376165","0.27618136884376165","0.27618136884376165"
"120","1463","1463","1463","0.27951663732528687","0.27951663732528687","0.27951663732528687","1463","1463","1463","0.27618303894996643","0.27618303894996643","0.27618303894996643","1463","1463","1463","0.27581673092608655","0.27581673092608655","0.27581673092608655"
"121","1475","1475","1475","0.28989505767822266","0.28989505767822266","0.28989505767822266","1475","1475","1475","0.272190660238266","0.272190660238266","0.272190660238266","1475","1475","1475","0.28423053548381616","0.28423053548381616","0.28423053548381616"
"122","1487","1487","1487","0.26796919107437134","0.26796919107437134","0.26796919107437134","1487","1487","1487","0.2719186842441559","0.2719186842441559","0.2719186842441559","1487","1487","1487","0.2741597595546695","0.2741597595546695","0.2741597595546695"
"123","1499","1499","1499","0.2803491950035095","0.2803491950035095","0.2803491950035095","1499","1499","1499","0.2781941890716553","0.2781941890716553","0.2781941890716553","1499","1499","1499","0.2746828385235683","0.2746828385235683","0.2746828385235683"
"124","1511","1511","1511","0.25408050417900085","0.25408050417900085","0.25408050417900085","1511","1511","1511","0.27089014649391174","0.27089014649391174","0.27089014649391174","1511","1511","1511","0.2737421649773986","0.2737421649773986","0.2737421649773986"
"125","1523","1523","1523","0.28411808609962463","0.28411808609962463","0.28411808609962463","1523","1523","1523","0.26643919944763184","0.26643919944763184","0.26643919944763184","1523","1523","1523","0.28547646618656164","0.28547646618656164","0.28547646618656164"
"126","1535","1535","1535","0.2852663993835449","0.2852663993835449","0.2852663993835449","1535","1535","1535","0.2655507028102875","0.2655507028102875","0.2655507028102875","1535","1535","1535","0.26598135765844916","0.26598135765844916","0.26598135765844916"
"127","1547","1547","1547","0.2885718047618866","0.2885718047618866","0.2885718047618866","1547","1547","1547","0.28501608967781067","0.28501608967781067","0.28501608967781067","1547","1547","1547","0.28808600828056574","0.28808600828056574","0.28808600828056574"
"128","1559","1559","1559","0.29381459951400757","0.29381459951400757","0.29381459951400757","1559","1559","1559","0.26102402806282043","0.26102402806282043","0.26102402806282043","1559","1559","1559","0.26290558635340155","0.26290558635340155","0.26290558635340155"
"129","1572","1572","1572","0.2666454613208771","0.2666454613208771","0.2666454613208771","1572","1572","1572","0.26371970772743225","0.26371970772743225","0.26371970772743225","1572","1572","1572","0.2788185345455954","0.2788185345455954","0.2788185345455954"
"130","1584","1584","1584","0.28447985649108887","0.28447985649108887","0.28447985649108887","1584","1584","1584","0.27821552753448486","0.27821552753448486","0.27821552753448486","1584","1584","1584","0.28328888875824615","0.28328888875824615","0.28328888875824615"
"131","1596","1596","1596","0.2760598659515381","0.2760598659515381","0.2760598659515381","1596","1596","1596","0.27735647559165955","0.27735647559165955","0.27735647559165955","1596","1596","1596","0.2772110539972594","0.2772110539972594","0.2772110539972594"
"132","1608","1608","1608","0.2761928141117096","0.2761928141117096","0.2761928141117096","1608","1608","1608","0.2922096252441406","0.2922096252441406","0.2922096252441406","1608","1608","1608","0.28621149923570766","0.28621149923570766","0.28621149923570766"
"133","1620","1620","1620","0.2807431221008301","0.2807431221008301","0.2807431221008301","1620","1620","1620","0.277737557888031","0.277737557888031","0.277737557888031","1620","1620","1620","0.2863196555013003","0.2863196555013003","0.2863196555013003"
"134","1632","1632","1632","0.28678321838378906","0.28678321838378906","0.28678321838378906","1632","1632","1632","0.25859975814819336","0.25859975814819336","0.25859975814819336","1632","1632","1632","0.2677440177106245","0.2677440177106245","0.2677440177106245"
"135","1644","1644","1644","0.27836495637893677","0.27836495637893677","0.27836495637893677","1644","1644","1644","0.2885517179965973","0.2885517179965973","0.2885517179965973","1644","1644","1644","0.2864866615956584","0.2864866615956584","0.2864866615956584"
"136","1656","1656","1656","0.29270821809768677","0.29270821809768677","0.29270821809768677","1656","1656","1656","0.2819865345954895","0.2819865345954895","0.2819865345954895","1656","1656","1656","0.28761701389631067","0.28761701389631067","0.28761701389631067"
"137","1668","1668","1668","0.2835829555988312","0.2835829555988312","0.2835829555988312","1668","1668","1668","0.2857852876186371","0.2857852876186371","0.2857852876186371","1668","1668","1668","0.29630061722130685","0.29630061722130685","0.29630061722130685"
"138","1680","1680","1680","0.2908124327659607","0.2908124327659607","0.2908124327659607","1680","1680","1680","0.26495417952537537","0.26495417952537537","0.26495417952537537","1680","1680","1680","0.28884842011742284","0.28884842011742284","0.28884842011742284"
"139","1693","1693","1693","0.27947622537612915","0.27947622537612915","0.27947622537612915","1693","1693","1693","0.2765026390552521","0.2765026390552521","0.2765026390552521","1693","1693","1693","0.2811997328260126","0.2811997328260126","0.2811997328260126"
"140","1705","1705","1705","0.28622204065322876","0.28622204065322876","0.28622204065322876","1705","1705","1705","0.2879851162433624","0.2879851162433624","0.2879851162433624","1705","1705","1705","0.28193242239344085","0.28193242239344085","0.28193242239344085"
"141","1717","1717","1717","0.266632080078125","0.266632080078125","0.266632080078125","1717","1717","1717","0.27879518270492554","0.27879518270492554","0.27879518270492554","1717","1717","1717","0.28013376967687925","0.28013376967687925","0.28013376967687925"
"142","1729","1729","1729","0.28452014923095703","0.28452014923095703","0.28452014923095703","1729","1729","1729","0.2816839814186096","0.2816839814186096","0.2816839814186096","1729","1729","1729","0.279706566695839","0.279706566695839","0.279706566695839"
"143","1741","1741","1741","0.2849014103412628","0.2849014103412628","0.2849014103412628","1741","1741","1741","0.28042587637901306","0.28042587637901306","0.28042587637901306","1741","1741","1741","0.2867222329015347","0.2867222329015347","0.2867222329015347"
"144","1753","1753","1753","0.2728317677974701","0.2728317677974701","0.2728317677974701","1753","1753","1753","0.27284085750579834","0.27284085750579834","0.27284085750579834","1753","1753","1753","0.29174565874242936","0.29174565874242936","0.29174565874242936"
"145","1765","1765","1765","0.2794841527938843","0.2794841527938843","0.2794841527938843","1765","1765","1765","0.2804877460002899","0.2804877460002899","0.2804877460002899","1765","1765","1765","0.2848973802060822","0.2848973802060822","0.2848973802060822"
"146","1777","1777","1777","0.27281439304351807","0.27281439304351807","0.27281439304351807","1777","1777","1777","0.27899259328842163","0.27899259328842163","0.27899259328842163","1777","1777","1777","0.28928176157656393","0.28928176157656393","0.28928176157656393"
"147","1789","1789","1789","0.27651798725128174","0.27651798725128174","0.27651798725128174","1789","1789","1789","0.2690064609050751","0.2690064609050751","0.2690064609050751","1789","1789","1789","0.2833870580886833","0.2833870580886833","0.2833870580886833"
"148","1801","1801","1801","0.28525203466415405","0.28525203466415405","0.28525203466415405","1801","1801","1801","0.28314724564552307","0.28314724564552307","0.28314724564552307","1801","1801","1801","0.28218851932247224","0.28218851932247224","0.28218851932247224"
"149","1814","1814","1814","0.2741185128688812","0.2741185128688812","0.2741185128688812","1814","1814","1814","0.28062111139297485","0.28062111139297485","0.28062111139297485","1814","1814","1814","0.2939964244225003","0.2939964244225003","0.2939964244225003"
"150","1826","1826","1826","0.2790897786617279","0.2790897786617279","0.2790897786617279","1826","1826","1826","0.2841741442680359","0.2841741442680359","0.2841741442680359","1826","1826","1826","0.28464247478755017","0.28464247478755017","0.28464247478755017"
"151","1838","1838","1838","0.2862251102924347","0.2862251102924347","0.2862251102924347","1838","1838","1838","0.30245018005371094","0.30245018005371094","0.30245018005371094","1838","1838","1838","0.2918036452747234","0.2918036452747234","0.2918036452747234"
"152","1850","1850","1850","0.2793717682361603","0.2793717682361603","0.2793717682361603","1850","1850","1850","0.2933759391307831","0.2933759391307831","0.2933759391307831","1850","1850","1850","0.2733879757747249","0.2733879757747249","0.2733879757747249"
"153","1862","1862","1862","0.28572359681129456","0.28572359681129456","0.28572359681129456","1862","1862","1862","0.285622775554657","0.285622775554657","0.285622775554657","1862","1862","1862","0.2786666134684319","0.2786666134684319","0.2786666134684319"
"154","1874","1874","1874","0.2786949872970581","0.2786949872970581","0.2786949872970581","1874","1874","1874","0.2849941551685333","0.2849941551685333","0.2849941551685333","1874","1874","1874","0.27693702887586313","0.27693702887586313","0.27693702887586313"
"155","1886","1886","1886","0.28392964601516724","0.28392964601516724","0.28392964601516724","1886","1886","1886","0.28234434127807617","0.28234434127807617","0.28234434127807617","1886","1886","1886","0.2836109394812479","0.2836109394812479","0.2836109394812479"
"156","1898","1898","1898","0.2846018671989441","0.2846018671989441","0.2846018671989441","1898","1898","1898","0.2660723626613617","0.2660723626613617","0.2660723626613617","1898","1898","1898","0.2877826869536196","0.2877826869536196","0.2877826869536196"
"157","1910","1910","1910","0.28760191798210144","0.28760191798210144","0.28760191798210144","1910","1910","1910","0.27370837330818176","0.27370837330818176","0.27370837330818176","1910","1910","1910","0.28942700324849036","0.28942700324849036","0.28942700324849036"
"158","1922","1922","1922","0.2851907014846802","0.2851907014846802","0.2851907014846802","1922","1922","1922","0.27423539757728577","0.27423539757728577","0.27423539757728577","1922","1922","1922","0.2824031543853362","0.2824031543853362","0.2824031543853362"
"159","1935","1935","1935","0.27993541955947876","0.27993541955947876","0.27993541955947876","1935","1935","1935","0.26985424757003784","0.26985424757003784","0.26985424757003784","1935","1935","1935","0.27730735125729644","0.27730735125729644","0.27730735125729644"
"160","1947","1947","1947","0.2862718999385834","0.2862718999385834","0.2862718999385834","1947","1947","1947","0.27755895256996155","0.27755895256996155","0.27755895256996155","1947","1947","1947","0.269126856628532","0.269126856628532","0.269126856628532"
"161","1959","1959","1959","0.271392822265625","0.271392822265625","0.271392822265625","1959","1959","1959","0.2867557406425476","0.2867557406425476","0.2867557406425476","1959","1959","1959","0.28750567709471253","0.28750567709471253","0.28750567709471253"
"162","1971","1971","1971","0.28221219778060913","0.28221219778060913","0.28221219778060913","1971","1971","1971","0.2923344373703003","0.2923344373703003","0.2923344373703003","1971","1971","1971","0.2922288282653524","0.2922288282653524","0.2922288282653524"
"163","1983","1983","1983","0.27933475375175476","0.27933475375175476","0.27933475375175476","1983","1983","1983","0.27468475699424744","0.27468475699424744","0.27468475699424744","1983","1983","1983","0.27642891472073317","0.27642891472073317","0.27642891472073317"
"164","1995","1995","1995","0.2808443009853363","0.2808443009853363","0.2808443009853363","1995","1995","1995","0.2804415225982666","0.2804415225982666","0.2804415225982666","1995","1995","1995","0.2873481093615604","0.2873481093615604","0.2873481093615604"
"165","2007","2007","2007","0.26938602328300476","0.26938602328300476","0.26938602328300476","2007","2007","2007","0.2796991467475891","0.2796991467475891","0.2796991467475891","2007","2007","2007","0.2805164680182121","0.2805164680182121","0.2805164680182121"
"166","2019","2019","2019","0.2769390940666199","0.2769390940666199","0.2769390940666199","2019","2019","2019","0.28754228353500366","0.28754228353500366","0.28754228353500366","2019","2019","2019","0.2891992046685667","0.2891992046685667","0.2891992046685667"
"167","2031","2031","2031","0.2946116030216217","0.2946116030216217","0.2946116030216217","2031","2031","2031","0.2930528521537781","0.2930528521537781","0.2930528521537781","2031","2031","2031","0.28659465047920674","0.28659465047920674","0.28659465047920674"
"168","2043","2043","2043","0.2851905822753906","0.2851905822753906","0.2851905822753906","2043","2043","2043","0.2860254943370819","0.2860254943370819","0.2860254943370819","2043","2043","2043","0.2883449816543175","0.2883449816543175","0.2883449816543175"
"169","2056","2056","2056","0.29568299651145935","0.29568299651145935","0.29568299651145935","2056","2056","2056","0.2871592044830322","0.2871592044830322","0.2871592044830322","2056","2056","2056","0.2973821164933757","0.2973821164933757","0.2973821164933757"
"170","2068","2068","2068","0.29045483469963074","0.29045483469963074","0.29045483469963074","2068","2068","2068","0.28969866037368774","0.28969866037368774","0.28969866037368774","2068","2068","2068","0.2987964716698637","0.2987964716698637","0.2987964716698637"
"171","2080","2080","2080","0.2881777584552765","0.2881777584552765","0.2881777584552765","2080","2080","2080","0.2863718867301941","0.2863718867301941","0.2863718867301941","2080","2080","2080","0.27921381556087543","0.27921381556087543","0.27921381556087543"
"172","2092","2092","2092","0.28156378865242004","0.28156378865242004","0.28156378865242004","2092","2092","2092","0.290416955947876","0.290416955947876","0.290416955947876","2092","2092","2092","0.2874206707035903","0.2874206707035903","0.2874206707035903"
"173","2104","2104","2104","0.28004926443099976","0.28004926443099976","0.28004926443099976","2104","2104","2104","0.2833876311779022","0.2833876311779022","0.2833876311779022","2104","2104","2104","0.2857893232391179","0.2857893232391179","0.2857893232391179"
"174","2116","2116","2116","0.2829035520553589","0.2829035520553589","0.2829035520553589","2116","2116","2116","0.2908492088317871","0.2908492088317871","0.2908492088317871","2116","2116","2116","0.28648971559038044","0.28648971559038044","0.28648971559038044"
"175","2128","2128","2128","0.2855885922908783","0.2855885922908783","0.2855885922908783","2128","2128","2128","0.28588148951530457","0.28588148951530457","0.28588148951530457","2128","2128","2128","0.28723327902426576","0.28723327902426576","0.28723327902426576"
"176","2140","2140","2140","0.2748982310295105","0.2748982310295105","0.2748982310295105","2140","2140","2140","0.28805866837501526","0.28805866837501526","0.28805866837501526","2140","2140","2140","0.28253922993899333","0.28253922993899333","0.28253922993899333"
"177","2152","2152","2152","0.2880207300186157","0.2880207300186157","0.2880207300186157","2152","2152","2152","0.29550233483314514","0.29550233483314514","0.29550233483314514","2152","2152","2152","0.2937750841451369","0.2937750841451369","0.2937750841451369"
"178","2164","2164","2164","0.28773725032806396","0.28773725032806396","0.28773725032806396","2164","2164","2164","0.29550138115882874","0.29550138115882874","0.29550138115882874","2164","2164","2164","0.27863786554573966","0.27863786554573966","0.27863786554573966"
"179","2177","2177","2177","0.2758263051509857","0.2758263051509857","0.2758263051509857","2177","2177","2177","0.2883618474006653","0.2883618474006653","0.2883618474006653","2177","2177","2177","0.28992199647533146","0.28992199647533146","0.28992199647533146"
"180","2189","2189","2189","0.27785223722457886","0.27785223722457886","0.27785223722457886","2189","2189","2189","0.28880050778388977","0.28880050778388977","0.28880050778388977","2189","2189","2189","0.2941802620465519","0.2941802620465519","0.2941802620465519"
"181","2201","2201","2201","0.28256797790527344","0.28256797790527344","0.28256797790527344","2201","2201","2201","0.2820357084274292","0.2820357084274292","0.2820357084274292","2201","2201","2201","0.2833027206970562","0.2833027206970562","0.2833027206970562"
"182","2213","2213","2213","0.28165337443351746","0.28165337443351746","0.28165337443351746","2213","2213","2213","0.284559428691864","0.284559428691864","0.284559428691864","2213","2213","2213","0.28435635887910565","0.28435635887910565","0.28435635887910565"
"183","2225","2225","2225","0.28892603516578674","0.28892603516578674","0.28892603516578674","2225","2225","2225","0.2876472771167755","0.2876472771167755","0.2876472771167755","2225","2225","2225","0.2823947365933937","0.2823947365933937","0.2823947365933937"
"184","2237","2237","2237","0.28256723284721375","0.28256723284721375","0.28256723284721375","2237","2237","2237","0.2841819226741791","0.2841819226741791","0.2841819226741791","2237","2237","2237","0.281640570358982","0.281640570358982","0.281640570358982"
"185","2249","2249","2249","0.2849964201450348","0.2849964201450348","0.2849964201450348","2249","2249","2249","0.28401872515678406","0.28401872515678406","0.28401872515678406","2249","2249","2249","0.2822428203384188","0.2822428203384188","0.2822428203384188"
"186","2261","2261","2261","0.2956378757953644","0.2956378757953644","0.2956378757953644","2261","2261","2261","0.28744643926620483","0.28744643926620483","0.28744643926620483","2261","2261","2261","0.28678185953424823","0.28678185953424823","0.28678185953424823"
"187","2273","2273","2273","0.2840076684951782","0.2840076684951782","0.2840076684951782","2273","2273","2273","0.2903197109699249","0.2903197109699249","0.2903197109699249","2273","2273","2273","0.28919216764014505","0.28919216764014505","0.28919216764014505"
"188","2285","2285","2285","0.2859876751899719","0.2859876751899719","0.2859876751899719","2285","2285","2285","0.2800358831882477","0.2800358831882477","0.2800358831882477","2285","2285","2285","0.2863234667536332","0.2863234667536332","0.2863234667536332"
"189","2298","2298","2298","0.2859969735145569","0.2859969735145569","0.2859969735145569","2298","2298","2298","0.2875823974609375","0.2875823974609375","0.2875823974609375","2298","2298","2298","0.2895270777271581","0.2895270777271581","0.2895270777271581"
"190","2310","2310","2310","0.2856389284133911","0.2856389284133911","0.2856389284133911","2310","2310","2310","0.28126075863838196","0.28126075863838196","0.28126075863838196","2310","2310","2310","0.29290566256016476","0.29290566256016476","0.29290566256016476"
"191","2322","2322","2322","0.2861904799938202","0.2861904799938202","0.2861904799938202","2322","2322","2322","0.2856636345386505","0.2856636345386505","0.2856636345386505","2322","2322","2322","0.29095680521049183","0.29095680521049183","0.29095680521049183"
"192","2334","2334","2334","0.2853129506111145","0.2853129506111145","0.2853129506111145","2334","2334","2334","0.2739352583885193","0.2739352583885193","0.2739352583885193","2334","2334","2334","0.2907697020019869","0.2907697020019869","0.2907697020019869"
"193","2346","2346","2346","0.282152384519577","0.282152384519577","0.282152384519577","2346","2346","2346","0.2873564064502716","0.2873564064502716","0.2873564064502716","2346","2346","2346","0.288306845832166","0.288306845832166","0.288306845832166"
"194","2358","2358","2358","0.27490413188934326","0.27490413188934326","0.27490413188934326","2358","2358","2358","0.28527751564979553","0.28527751564979553","0.28527751564979553","2358","2358","2358","0.2771232831559841","0.2771232831559841","0.2771232831559841"
"195","2370","2370","2370","0.2904464900493622","0.2904464900493622","0.2904464900493622","2370","2370","2370","0.289657324552536","0.289657324552536","0.289657324552536","2370","2370","2370","0.2937486043103078","0.2937486043103078","0.2937486043103078"
"196","2382","2382","2382","0.28169718384742737","0.28169718384742737","0.28169718384742737","2382","2382","2382","0.29305315017700195","0.29305315017700195","0.29305315017700195","2382","2382","2382","0.29763728249342414","0.29763728249342414","0.29763728249342414"
"197","2394","2394","2394","0.29016003012657166","0.29016003012657166","0.29016003012657166","2394","2394","2394","0.2884822487831116","0.2884822487831116","0.2884822487831116","2394","2394","2394","0.28832000661234625","0.28832000661234625","0.28832000661234625"
"198","2406","2406","2406","0.2824039161205292","0.2824039161205292","0.2824039161205292","2406","2406","2406","0.29555773735046387","0.29555773735046387","0.29555773735046387","2406","2406","2406","0.29693444374334726","0.29693444374334726","0.29693444374334726"
"199","2419","2419","2419","0.2819862961769104","0.2819862961769104","0.2819862961769104","2419","2419","2419","0.2881316542625427","0.2881316542625427","0.2881316542625427","2419","2419","2419","0.2892807107055446","0.2892807107055446","0.2892807107055446"
"200","2431","2431","2431","0.2995978891849518","0.2995978891849518","0.2995978891849518","2431","2431","2431","0.29178884625434875","0.29178884625434875","0.29178884625434875","2431","2431","2431","0.2818000410198106","0.2818000410198106","0.2818000410198106"
"201","2443","2443","2443","0.2831856310367584","0.2831856310367584","0.2831856310367584","2443","2443","2443","0.2815345823764801","0.2815345823764801","0.2815345823764801","2443","2443","2443","0.2945953378786918","0.2945953378786918","0.2945953378786918"
"202","2455","2455","2455","0.28199467062950134","0.28199467062950134","0.28199467062950134","2455","2455","2455","0.2908201515674591","0.2908201515674591","0.2908201515674591","2455","2455","2455","0.29224170756195983","0.29224170756195983","0.29224170756195983"
"203","2467","2467","2467","0.2843400239944458","0.2843400239944458","0.2843400239944458","2467","2467","2467","0.2836199104785919","0.2836199104785919","0.2836199104785919","2467","2467","2467","0.2907706798475586","0.2907706798475586","0.2907706798475586"
"204","2479","2479","2479","0.28843340277671814","0.28843340277671814","0.28843340277671814","2479","2479","2479","0.2994203567504883","0.2994203567504883","0.2994203567504883","2479","2479","2479","0.28679196119121514","0.28679196119121514","0.28679196119121514"
"205","2491","2491","2491","0.2922339141368866","0.2922339141368866","0.2922339141368866","2491","2491","2491","0.2938104271888733","0.2938104271888733","0.2938104271888733","2491","2491","2491","0.2920042188895382","0.2920042188895382","0.2920042188895382"
"206","2503","2503","2503","0.29152750968933105","0.29152750968933105","0.29152750968933105","2503","2503","2503","0.2970740497112274","0.2970740497112274","0.2970740497112274","2503","2503","2503","0.28972941380297057","0.28972941380297057","0.28972941380297057"
"207","2515","2515","2515","0.2867721617221832","0.2867721617221832","0.2867721617221832","2515","2515","2515","0.28963103890419006","0.28963103890419006","0.28963103890419006","2515","2515","2515","0.284118310526295","0.284118310526295","0.284118310526295"
"208","2527","2527","2527","0.28156396746635437","0.28156396746635437","0.28156396746635437","2527","2527","2527","0.28774598240852356","0.28774598240852356","0.28774598240852356","2527","2527","2527","0.28975221877444846","0.28975221877444846","0.28975221877444846"
"209","2540","2540","2540","0.29076963663101196","0.29076963663101196","0.29076963663101196","2540","2540","2540","0.2773950695991516","0.2773950695991516","0.2773950695991516","2540","2540","2540","0.2863724987788202","0.2863724987788202","0.2863724987788202"
"210","2552","2552","2552","0.28930264711380005","0.28930264711380005","0.28930264711380005","2552","2552","2552","0.2936059236526489","0.2936059236526489","0.2936059236526489","2552","2552","2552","0.29521292329766824","0.29521292329766824","0.29521292329766824"
"211","2564","2564","2564","0.295034259557724","0.295034259557724","0.295034259557724","2564","2564","2564","0.2929766774177551","0.2929766774177551","0.2929766774177551","2564","2564","2564","0.29755594146183545","0.29755594146183545","0.29755594146183545"
"212","2576","2576","2576","0.2973150312900543","0.2973150312900543","0.2973150312900543","2576","2576","2576","0.28885209560394287","0.28885209560394287","0.28885209560394287","2576","2576","2576","0.2939118522428786","0.2939118522428786","0.2939118522428786"
"213","2588","2588","2588","0.29536744952201843","0.29536744952201843","0.29536744952201843","2588","2588","2588","0.2963852882385254","0.2963852882385254","0.2963852882385254","2588","2588","2588","0.29634475700060103","0.29634475700060103","0.29634475700060103"
"214","2600","2600","2600","0.30094414949417114","0.30094414949417114","0.30094414949417114","2600","2600","2600","0.29256394505500793","0.29256394505500793","0.29256394505500793","2600","2600","2600","0.28804862944413895","0.28804862944413895","0.28804862944413895"
"215","2612","2612","2612","0.29039618372917175","0.29039618372917175","0.29039618372917175","2612","2612","2612","0.28577885031700134","0.28577885031700134","0.28577885031700134","2612","2612","2612","0.302741094705979","0.302741094705979","0.302741094705979"
"216","2624","2624","2624","0.28982678055763245","0.28982678055763245","0.28982678055763245","2624","2624","2624","0.2924744188785553","0.2924744188785553","0.2924744188785553","2624","2624","2624","0.30542154262261983","0.30542154262261983","0.30542154262261983"
"217","2636","2636","2636","0.29528018832206726","0.29528018832206726","0.29528018832206726","2636","2636","2636","0.29407066106796265","0.29407066106796265","0.29407066106796265","2636","2636","2636","0.2937034329582991","0.2937034329582991","0.2937034329582991"
"218","2648","2648","2648","0.2870161533355713","0.2870161533355713","0.2870161533355713","2648","2648","2648","0.2981536388397217","0.2981536388397217","0.2981536388397217","2648","2648","2648","0.3018253534790548","0.3018253534790548","0.3018253534790548"
"219","2661","2661","2661","0.2873789072036743","0.2873789072036743","0.2873789072036743","2661","2661","2661","0.2833396792411804","0.2833396792411804","0.2833396792411804","2661","2661","2661","0.29034220969626756","0.29034220969626756","0.29034220969626756"
"220","2673","2673","2673","0.2953815460205078","0.2953815460205078","0.2953815460205078","2673","2673","2673","0.29507777094841003","0.29507777094841003","0.29507777094841003","2673","2673","2673","0.2960445091090693","0.2960445091090693","0.2960445091090693"
"221","2685","2685","2685","0.2954060137271881","0.2954060137271881","0.2954060137271881","2685","2685","2685","0.2989155054092407","0.2989155054092407","0.2989155054092407","2685","2685","2685","0.2981390602365687","0.2981390602365687","0.2981390602365687"
"222","2697","2697","2697","0.2987705171108246","0.2987705171108246","0.2987705171108246","2697","2697","2697","0.29187828302383423","0.29187828302383423","0.29187828302383423","2697","2697","2697","0.29957782326735255","0.29957782326735255","0.29957782326735255"
"223","2709","2709","2709","0.291275292634964","0.291275292634964","0.291275292634964","2709","2709","2709","0.29734566807746887","0.29734566807746887","0.29734566807746887","2709","2709","2709","0.2964351773655959","0.2964351773655959","0.2964351773655959"
"224","2721","2721","2721","0.2864111363887787","0.2864111363887787","0.2864111363887787","2721","2721","2721","0.2942945063114166","0.2942945063114166","0.2942945063114166","2721","2721","2721","0.2941076069937322","0.2941076069937322","0.2941076069937322"
"225","2733","2733","2733","0.2893476188182831","0.2893476188182831","0.2893476188182831","2733","2733","2733","0.292823851108551","0.292823851108551","0.292823851108551","2733","2733","2733","0.2897562302228151","0.2897562302228151","0.2897562302228151"
"226","2745","2745","2745","0.2801074683666229","0.2801074683666229","0.2801074683666229","2745","2745","2745","0.2911209464073181","0.2911209464073181","0.2911209464073181","2745","2745","2745","0.28986771329356564","0.28986771329356564","0.28986771329356564"
"227","2757","2757","2757","0.29719865322113037","0.29719865322113037","0.29719865322113037","2757","2757","2757","0.29650238156318665","0.29650238156318665","0.29650238156318665","2757","2757","2757","0.30090790802468","0.30090790802468","0.30090790802468"
"228","2769","2769","2769","0.29729437828063965","0.29729437828063965","0.29729437828063965","2769","2769","2769","0.29447993636131287","0.29447993636131287","0.29447993636131287","2769","2769","2769","0.2895500079732216","0.2895500079732216","0.2895500079732216"
"229","2782","2782","2782","0.2931241989135742","0.2931241989135742","0.2931241989135742","2782","2782","2782","0.2954787015914917","0.2954787015914917","0.2954787015914917","2782","2782","2782","0.28747199927297595","0.28747199927297595","0.28747199927297595"
"230","2794","2794","2794","0.2950732707977295","0.2950732707977295","0.2950732707977295","2794","2794","2794","0.2981535792350769","0.2981535792350769","0.2981535792350769","2794","2794","2794","0.2896685277852388","0.2896685277852388","0.2896685277852388"
"231","2806","2806","2806","0.29549673199653625","0.29549673199653625","0.29549673199653625","2806","2806","2806","0.2962509095668793","0.2962509095668793","0.2962509095668793","2806","2806","2806","0.29507875047501764","0.29507875047501764","0.29507875047501764"
"232","2818","2818","2818","0.2984260320663452","0.2984260320663452","0.2984260320663452","2818","2818","2818","0.28904256224632263","0.28904256224632263","0.28904256224632263","2818","2818","2818","0.2949840446520137","0.2949840446520137","0.2949840446520137"
"233","2830","2830","2830","0.29582780599594116","0.29582780599594116","0.29582780599594116","2830","2830","2830","0.2979818284511566","0.2979818284511566","0.2979818284511566","2830","2830","2830","0.3036052399327162","0.3036052399327162","0.3036052399327162"
"234","2842","2842","2842","0.2822810411453247","0.2822810411453247","0.2822810411453247","2842","2842","2842","0.29493653774261475","0.29493653774261475","0.29493653774261475","2842","2842","2842","0.29726104645319773","0.29726104645319773","0.29726104645319773"
"235","2854","2854","2854","0.2915293872356415","0.2915293872356415","0.2915293872356415","2854","2854","2854","0.30178210139274597","0.30178210139274597","0.30178210139274597","2854","2854","2854","0.29964306818312614","0.29964306818312614","0.29964306818312614"
"236","2866","2866","2866","0.2936437726020813","0.2936437726020813","0.2936437726020813","2866","2866","2866","0.2899430990219116","0.2899430990219116","0.2899430990219116","2866","2866","2866","0.29821113333643917","0.29821113333643917","0.29821113333643917"
"237","2878","2878","2878","0.30074259638786316","0.30074259638786316","0.30074259638786316","2878","2878","2878","0.29882311820983887","0.29882311820983887","0.29882311820983887","2878","2878","2878","0.3027242415664647","0.3027242415664647","0.3027242415664647"
"238","2890","2890","2890","0.2992211580276489","0.2992211580276489","0.2992211580276489","2890","2890","2890","0.28707560896873474","0.28707560896873474","0.28707560896873474","2890","2890","2890","0.291502058248929","0.291502058248929","0.291502058248929"
"239","2903","2903","2903","0.29055720567703247","0.29055720567703247","0.29055720567703247","2903","2903","2903","0.29414448142051697","0.29414448142051697","0.29414448142051697","2903","2903","2903","0.30050443409049166","0.30050443409049166","0.30050443409049166"
"240","2915","2915","2915","0.29454565048217773","0.29454565048217773","0.29454565048217773","2915","2915","2915","0.29013967514038086","0.29013967514038086","0.29013967514038086","2915","2915","2915","0.2807491809210652","0.2807491809210652","0.2807491809210652"
"241","2927","2927","2927","0.29471153020858765","0.29471153020858765","0.29471153020858765","2927","2927","2927","0.29934439063072205","0.29934439063072205","0.29934439063072205","2927","2927","2927","0.2978815608756886","0.2978815608756886","0.2978815608756886"
"242","2939","2939","2939","0.2921821177005768","0.2921821177005768","0.2921821177005768","2939","2939","2939","0.30035436153411865","0.30035436153411865","0.30035436153411865","2939","2939","2939","0.2979748082206212","0.2979748082206212","0.2979748082206212"
"243","2951","2951","2951","0.29593172669410706","0.29593172669410706","0.29593172669410706","2951","2951","2951","0.2966352105140686","0.2966352105140686","0.2966352105140686","2951","2951","2951","0.2944989707800389","0.2944989707800389","0.2944989707800389"
"244","2963","2963","2963","0.29686328768730164","0.29686328768730164","0.29686328768730164","2963","2963","2963","0.29490724205970764","0.29490724205970764","0.29490724205970764","2963","2963","2963","0.28642277855521314","0.28642277855521314","0.28642277855521314"
"245","2975","2975","2975","0.2911158800125122","0.2911158800125122","0.2911158800125122","2975","2975","2975","0.29447558522224426","0.29447558522224426","0.29447558522224426","2975","2975","2975","0.29498204471264283","0.29498204471264283","0.29498204471264283"
"246","2987","2987","2987","0.2981715798377991","0.2981715798377991","0.2981715798377991","2987","2987","2987","0.3022216856479645","0.3022216856479645","0.3022216856479645","2987","2987","2987","0.29486741502526986","0.29486741502526986","0.29486741502526986"
"247","2999","2999","2999","0.3005799353122711","0.3005799353122711","0.3005799353122711","2999","2999","2999","0.3003028631210327","0.3003028631210327","0.3003028631210327","2999","2999","2999","0.296479959607663","0.296479959607663","0.296479959607663"
"248","3011","3011","3011","0.2945477366447449","0.2945477366447449","0.2945477366447449","3011","3011","3011","0.29640722274780273","0.29640722274780273","0.29640722274780273","3011","3011","3011","0.30018521489529376","0.30018521489529376","0.30018521489529376"
"249","3024","3024","3024","0.28616198897361755","0.28616198897361755","0.28616198897361755","3024","3024","3024","0.2947691082954407","0.2947691082954407","0.2947691082954407","3024","3024","3024","0.2960032996292818","0.2960032996292818","0.2960032996292818"
"250","3036","3036","3036","0.29393285512924194","0.29393285512924194","0.29393285512924194","3036","3036","3036","0.29083240032196045","0.29083240032196045","0.29083240032196045","3036","3036","3036","0.3098627939653807","0.3098627939653807","0.3098627939653807"
"251","3048","3048","3048","0.2957023084163666","0.2957023084163666","0.2957023084163666","3048","3048","3048","0.2953685522079468","0.2953685522079468","0.2953685522079468","3048","3048","3048","0.3028525473186789","0.3028525473186789","0.3028525473186789"
"252","3060","3060","3060","0.2914699614048004","0.2914699614048004","0.2914699614048004","3060","3060","3060","0.3002663254737854","0.3002663254737854","0.3002663254737854","3060","3060","3060","0.3004275608435747","0.3004275608435747","0.3004275608435747"
"253","3072","3072","3072","0.3033071756362915","0.3033071756362915","0.3033071756362915","3072","3072","3072","0.2974916100502014","0.2974916100502014","0.2974916100502014","3072","3072","3072","0.31151454102029363","0.31151454102029363","0.31151454102029363"
"254","3084","3084","3084","0.2997745871543884","0.2997745871543884","0.2997745871543884","3084","3084","3084","0.29555216431617737","0.29555216431617737","0.29555216431617737","3084","3084","3084","0.3000589360605462","0.3000589360605462","0.3000589360605462"
"255","3096","3096","3096","0.29577526450157166","0.29577526450157166","0.29577526450157166","3096","3096","3096","0.2973702549934387","0.2973702549934387","0.2973702549934387","3096","3096","3096","0.2981305126325657","0.2981305126325657","0.2981305126325657"
"256","3108","3108","3108","0.2946225702762604","0.2946225702762604","0.2946225702762604","3108","3108","3108","0.3018372058868408","0.3018372058868408","0.3018372058868408","3108","3108","3108","0.3011817377834269","0.3011817377834269","0.3011817377834269"
"257","3120","3120","3120","0.2995139956474304","0.2995139956474304","0.2995139956474304","3120","3120","3120","0.29984965920448303","0.29984965920448303","0.29984965920448303","3120","3120","3120","0.3039389744945887","0.3039389744945887","0.3039389744945887"
"258","3132","3132","3132","0.2939096689224243","0.2939096689224243","0.2939096689224243","3132","3132","3132","0.2963624596595764","0.2963624596595764","0.2963624596595764","3132","3132","3132","0.2996281969856512","0.2996281969856512","0.2996281969856512"
"259","3145","3145","3145","0.3056027889251709","0.3056027889251709","0.3056027889251709","3145","3145","3145","0.3042062222957611","0.3042062222957611","0.3042062222957611","3145","3145","3145","0.3066426282618705","0.3066426282618705","0.3066426282618705"
"260","3157","3157","3157","0.2998238801956177","0.2998238801956177","0.2998238801956177","3157","3157","3157","0.3052232265472412","0.3052232265472412","0.3052232265472412","3157","3157","3157","0.30802052806590413","0.30802052806590413","0.30802052806590413"
"261","3169","3169","3169","0.29708462953567505","0.29708462953567505","0.29708462953567505","3169","3169","3169","0.303567498922348","0.303567498922348","0.303567498922348","3169","3169","3169","0.30043743622294034","0.30043743622294034","0.30043743622294034"
"262","3181","3181","3181","0.29814258217811584","0.29814258217811584","0.29814258217811584","3181","3181","3181","0.2994983494281769","0.2994983494281769","0.2994983494281769","3181","3181","3181","0.3031809693659302","0.3031809693659302","0.3031809693659302"
"263","3193","3193","3193","0.29555633664131165","0.29555633664131165","0.29555633664131165","3193","3193","3193","0.2996324896812439","0.2996324896812439","0.2996324896812439","3193","3193","3193","0.30531936585016783","0.30531936585016783","0.30531936585016783"
"264","3205","3205","3205","0.29490068554878235","0.29490068554878235","0.29490068554878235","3205","3205","3205","0.30399855971336365","0.30399855971336365","0.30399855971336365","3205","3205","3205","0.30246151513705544","0.30246151513705544","0.30246151513705544"
"265","3217","3217","3217","0.29859262704849243","0.29859262704849243","0.29859262704849243","3217","3217","3217","0.2990058958530426","0.2990058958530426","0.2990058958530426","3217","3217","3217","0.30937258480584484","0.30937258480584484","0.30937258480584484"
"266","3229","3229","3229","0.3001091480255127","0.3001091480255127","0.3001091480255127","3229","3229","3229","0.30479833483695984","0.30479833483695984","0.30479833483695984","3229","3229","3229","0.3132164482624598","0.3132164482624598","0.3132164482624598"
"267","3241","3241","3241","0.3015168011188507","0.3015168011188507","0.3015168011188507","3241","3241","3241","0.29927903413772583","0.29927903413772583","0.29927903413772583","3241","3241","3241","0.30417946765645165","0.30417946765645165","0.30417946765645165"
"268","3253","3253","3253","0.2960606813430786","0.2960606813430786","0.2960606813430786","3253","3253","3253","0.3030906617641449","0.3030906617641449","0.3030906617641449","3253","3253","3253","0.3034533293516609","0.3034533293516609","0.3034533293516609"
"269","3266","3266","3266","0.3005073666572571","0.3005073666572571","0.3005073666572571","3266","3266","3266","0.29805076122283936","0.29805076122283936","0.29805076122283936","3266","3266","3266","0.3043627070585007","0.3043627070585007","0.3043627070585007"
"270","3278","3278","3278","0.3033900558948517","0.3033900558948517","0.3033900558948517","3278","3278","3278","0.29383090138435364","0.29383090138435364","0.29383090138435364","3278","3278","3278","0.30952830224104266","0.30952830224104266","0.30952830224104266"
"271","3290","3290","3290","0.2966940402984619","0.2966940402984619","0.2966940402984619","3290","3290","3290","0.2968093454837799","0.2968093454837799","0.2968093454837799","3290","3290","3290","0.3101410689518938","0.3101410689518938","0.3101410689518938"
"272","3302","3302","3302","0.301544189453125","0.301544189453125","0.301544189453125","3302","3302","3302","0.3076440989971161","0.3076440989971161","0.3076440989971161","3302","3302","3302","0.3101402723903335","0.3101402723903335","0.3101402723903335"
"273","3314","3314","3314","0.2983458638191223","0.2983458638191223","0.2983458638191223","3314","3314","3314","0.29771167039871216","0.29771167039871216","0.29771167039871216","3314","3314","3314","0.30568456813828","0.30568456813828","0.30568456813828"
"274","3326","3326","3326","0.30324411392211914","0.30324411392211914","0.30324411392211914","3326","3326","3326","0.3014492094516754","0.3014492094516754","0.3014492094516754","3326","3326","3326","0.3059586204073702","0.3059586204073702","0.3059586204073702"
"275","3338","3338","3338","0.30517032742500305","0.30517032742500305","0.30517032742500305","3338","3338","3338","0.3032667636871338","0.3032667636871338","0.3032667636871338","3338","3338","3338","0.30811407118400025","0.30811407118400025","0.30811407118400025"
"276","3350","3350","3350","0.3079262971878052","0.3079262971878052","0.3079262971878052","3350","3350","3350","0.30233249068260193","0.30233249068260193","0.30233249068260193","3350","3350","3350","0.31192843357058386","0.31192843357058386","0.31192843357058386"
"277","3362","3362","3362","0.3039379417896271","0.3039379417896271","0.3039379417896271","3362","3362","3362","0.3005560636520386","0.3005560636520386","0.3005560636520386","3362","3362","3362","0.30778651269232726","0.30778651269232726","0.30778651269232726"
"278","3374","3374","3374","0.30214616656303406","0.30214616656303406","0.30214616656303406","3374","3374","3374","0.300746351480484","0.300746351480484","0.300746351480484","3374","3374","3374","0.31076099228149323","0.31076099228149323","0.31076099228149323"
"279","3387","3387","3387","0.30493998527526855","0.30493998527526855","0.30493998527526855","3387","3387","3387","0.3029487431049347","0.3029487431049347","0.3029487431049347","3387","3387","3387","0.3101445345845291","0.3101445345845291","0.3101445345845291"
"280","3399","3399","3399","0.2995299994945526","0.2995299994945526","0.2995299994945526","3399","3399","3399","0.3079330325126648","0.3079330325126648","0.3079330325126648","3399","3399","3399","0.31582857340323905","0.31582857340323905","0.31582857340323905"
"281","3411","3411","3411","0.30025142431259155","0.30025142431259155","0.30025142431259155","3411","3411","3411","0.3045344650745392","0.3045344650745392","0.3045344650745392","3411","3411","3411","0.31335276366707343","0.31335276366707343","0.31335276366707343"
"282","3423","3423","3423","0.3001152276992798","0.3001152276992798","0.3001152276992798","3423","3423","3423","0.3009047508239746","0.3009047508239746","0.3009047508239746","3423","3423","3423","0.31169486566044285","0.31169486566044285","0.31169486566044285"
"283","3435","3435","3435","0.3001605272293091","0.3001605272293091","0.3001605272293091","3435","3435","3435","0.31124141812324524","0.31124141812324524","0.31124141812324524","3435","3435","3435","0.30596251318963874","0.30596251318963874","0.30596251318963874"
"284","3447","3447","3447","0.3112994134426117","0.3112994134426117","0.3112994134426117","3447","3447","3447","0.3057326674461365","0.3057326674461365","0.3057326674461365","3447","3447","3447","0.31936915067915","0.31936915067915","0.31936915067915"
"285","3459","3459","3459","0.3089554011821747","0.3089554011821747","0.3089554011821747","3459","3459","3459","0.30730631947517395","0.30730631947517395","0.30730631947517395","3459","3459","3459","0.31942663295214224","0.31942663295214224","0.31942663295214224"
"286","3471","3471","3471","0.3141900300979614","0.3141900300979614","0.3141900300979614","3471","3471","3471","0.3061445653438568","0.3061445653438568","0.3061445653438568","3471","3471","3471","0.3157242295529775","0.3157242295529775","0.3157242295529775"
"287","3483","3483","3483","0.3080466687679291","0.3080466687679291","0.3080466687679291","3483","3483","3483","0.30653464794158936","0.30653464794158936","0.30653464794158936","3483","3483","3483","0.3134717093677353","0.3134717093677353","0.3134717093677353"
"288","3495","3495","3495","0.3022632300853729","0.3022632300853729","0.3022632300853729","3495","3495","3495","0.3057728111743927","0.3057728111743927","0.3057728111743927","3495","3495","3495","0.3181246439225293","0.3181246439225293","0.3181246439225293"
"289","3508","3508","3508","0.303271621465683","0.303271621465683","0.303271621465683","3508","3508","3508","0.30825871229171753","0.30825871229171753","0.30825871229171753","3508","3508","3508","0.3137714346795873","0.3137714346795873","0.3137714346795873"
"290","3520","3520","3520","0.30553895235061646","0.30553895235061646","0.30553895235061646","3520","3520","3520","0.30655723810195923","0.30655723810195923","0.30655723810195923","3520","3520","3520","0.316142434333896","0.316142434333896","0.316142434333896"
"291","3532","3532","3532","0.3075786530971527","0.3075786530971527","0.3075786530971527","3532","3532","3532","0.31124377250671387","0.31124377250671387","0.31124377250671387","3532","3532","3532","0.31754149384734476","0.31754149384734476","0.31754149384734476"
"292","3544","3544","3544","0.30877143144607544","0.30877143144607544","0.30877143144607544","3544","3544","3544","0.30887308716773987","0.30887308716773987","0.30887308716773987","3544","3544","3544","0.3172427416550727","0.3172427416550727","0.3172427416550727"
"293","3556","3556","3556","0.30881813168525696","0.30881813168525696","0.30881813168525696","3556","3556","3556","0.3027135729789734","0.3027135729789734","0.3027135729789734","3556","3556","3556","0.31371517626268647","0.31371517626268647","0.31371517626268647"
"294","3568","3568","3568","0.30940401554107666","0.30940401554107666","0.30940401554107666","3568","3568","3568","0.3052232265472412","0.3052232265472412","0.3052232265472412","3568","3568","3568","0.31705986542524894","0.31705986542524894","0.31705986542524894"
"295","3580","3580","3580","0.30792349576950073","0.30792349576950073","0.30792349576950073","3580","3580","3580","0.2993425130844116","0.2993425130844116","0.2993425130844116","3580","3580","3580","0.3163957042845885","0.3163957042845885","0.3163957042845885"
"296","3592","3592","3592","0.3069974482059479","0.3069974482059479","0.3069974482059479","3592","3592","3592","0.3076186776161194","0.3076186776161194","0.3076186776161194","3592","3592","3592","0.31686135937132076","0.31686135937132076","0.31686135937132076"
"297","3604","3604","3604","0.3119387924671173","0.3119387924671173","0.3119387924671173","3604","3604","3604","0.30592483282089233","0.30592483282089233","0.30592483282089233","3604","3604","3604","0.31814018842827524","0.31814018842827524","0.31814018842827524"
"298","3616","3616","3616","0.30759257078170776","0.30759257078170776","0.30759257078170776","3616","3616","3616","0.30960389971733093","0.30960389971733093","0.30960389971733093","3616","3616","3616","0.31808444229535154","0.31808444229535154","0.31808444229535154"
"299","3629","3629","3629","0.3096226751804352","0.3096226751804352","0.3096226751804352","3629","3629","3629","0.3103977143764496","0.3103977143764496","0.3103977143764496","3629","3629","3629","0.3206526674658356","0.3206526674658356","0.3206526674658356"